,2006/12,2007/03,2007/06,2007/09,2007/12,2008/03,2008/06,2008/09,2008/12,2009/03,2009/06,2009/09,2009/12,2010/03,2010/06,2010/09,2010/12,2011/03,2011/06,2011/09,2011/12,2012/03,2012/06,2012/09,2012/12,2013/03
% of EPS-to-Industry,-105.9,0.0,0.0,0.0,102.4,206.8,351.5,-227.8,99.5,103.4,109.5,184.6,194.3,204.8,259.6,231.4,287.2,329.4,306.6,307.1,276.8,234.9,245.4,227.5,249.7,251.0
% of PE-to-Industry,0.0,0.0,0.0,0.0,46.5,30.7,23.2,0.0,0.0,0.0,0.0,0.0,27.3,33.4,27.8,32.9,28.4,30.5,28.4,21.5,24.0,29.1,31.9,33.9,29.9,32.5
% of ROE-to-Industry,0.0,0.0,0.0,0.0,233.3,268.4,292.7,0.0,0.0,0.0,0.0,0.0,283.8,259.5,197.1,85.7,0.0,0.0,0.0,0.0,0.0,0.0,0.0,0.0,201.1,223.2
% of current ratio-to-industry,57.1,58.3,75.0,75.0,69.2,81.8,90.9,220.0,128.6,225.0,212.5,160.0,160.0,144.4,88.9,50.0,40.0,80.0,55.6,60.0,100.0,200.0,85.7,60.0,112.5,77.8
% of debt/equity-to-industry,228.2,258.8,33.9,45.1,50.9,44.2,47.5,75.4,61.0,60.3,56.1,56.8,50.9,51.1,42.0,49.4,48.7,82.7,67.8,70.4,69.7,65.7,71.9,92.0,87.2,84.6
% of earnings-to-industry,-2.3,0.0,0.0,0.0,1.5,2.2,2.4,-7.1,1.4,1.4,1.4,2.2,2.3,2.4,1.9,0.8,0.0,0.0,0.0,0.0,0.0,0.0,0.0,0.0,3.3,3.9
% of gross profit margin-to-industry,190.7,0.0,0.0,0.0,187.5,187.8,191.0,191.5,181.3,173.9,165.0,151.6,162.1,169.4,173.5,189.2,164.9,163.6,168.0,169.2,188.3,184.7,183.5,182.8,169.1,169.7
% of leverage-to-industry,226.7,250.0,56.8,62.8,62.8,60.0,62.7,61.2,63.2,56.9,56.4,59.6,55.8,55.8,52.7,64.2,65.4,74.0,69.0,69.5,67.2,67.2,75.0,79.3,72.7,73.7
% of net profit margin-to-industry,-4683.3,0.0,0.0,0.0,954.8,1279.2,1343.5,-3712.5,814.6,805.9,765.1,1320.5,1327.8,1518.8,1233.3,531.8,0.0,0.0,0.0,0.0,0.0,0.0,0.0,0.0,787.2,910.4
% of post-tax profit margin-to-industry,780.6,0.0,0.0,0.0,986.7,1395.5,1404.5,-3712.5,814.6,790.4,765.1,1320.5,1257.9,1429.4,1156.3,508.7,0.0,0.0,0.0,0.0,0.0,0.0,0.0,0.0,787.2,910.4
% of pre-tax profit margin-to-industry,801.8,0.0,0.0,0.0,866.7,1079.5,1100.0,9040.0,457.1,483.0,498.6,969.4,1140.7,1165.4,1432.0,1273.5,1305.6,1359.0,1121.3,1020.8,831.1,662.5,671.8,618.1,635.8,622.7
% of pric/free cashlow-to-industry,0.0,0.0,102.3,91.0,79.6,325.1,165.5,82.3,37.2,17.0,-1908.7,101.9,6310.3,77.8,174.5,64.5,53.1,92.7,45.3,28.7,30.7,100.2,84.6,49.3,49.8,90.3
% of price-to-industry,0.0,0.0,40.7,50.0,47.6,63.5,81.0,56.5,23.7,25.8,35.0,40.8,53.3,67.8,72.1,75.6,82.2,99.9,87.0,66.4,66.6,68.5,77.9,76.9,74.8,81.7
% of price/book-to-industry,0.0,0.0,90.9,109.6,95.8,103.9,128.4,89.3,41.0,40.2,55.1,64.8,82.2,99.4,100.0,102.2,99.5,114.7,81.9,59.8,56.8,61.4,72.2,71.1,68.0,71.3
% of price/cashflow-to-industry,0.0,0.0,0.0,0.0,247.0,244.2,267.3,156.3,-253.6,-271.4,-263.8,-269.6,185.3,248.9,287.3,328.4,503.7,501.3,411.0,277.0,217.1,221.7,233.3,220.4,107.8,109.8
% of price/sales-to-industry,0.0,0.0,0.0,0.0,386.1,498.5,579.7,396.8,193.0,194.7,256.4,305.4,395.8,564.0,622.1,631.7,571.4,535.1,426.5,293.0,263.4,267.7,283.2,264.6,264.8,286.8
% of sales-to-industry,0.1,0.0,0.0,0.0,0.2,0.2,0.2,0.2,0.2,0.2,0.2,0.2,0.2,0.2,0.2,0.2,0.2,0.2,0.3,0.3,0.3,0.4,0.4,0.4,0.4,0.4
(increase) decrease in inventories,0.0,0.0,0.0,0.0,0.0,0.0,0.0,0.0,0.0,0.0,0.0,0.0,0.0,0.0,0.0,0.0,0.0,0.0,0.0,0.0,0.0,0.0,0.0,0.0,0.0,0.0
(increase) decrease in other current assets,-0.6,-1.7,-0.0,-0.4,0.9,0.4,0.6,0.3,0.0,0.0,0.0,0.0,0.0,0.0,0.0,0.0,0.0,0.0,0.0,0.0,0.0,0.0,0.0,0.0,0.0,0.0
(increase) decrease in prepaid expenses,0.0,0.0,0.0,0.0,0.0,0.0,0.0,0.0,0.0,0.0,-0.7,-3.3,0.0,4.2,4.4,3.7,0.0,0.7,-1.3,1.0,1.4,-0.2,-0.2,-1.5,-1.8,0.1
(increase) decrease in receivables,0.5,-0.6,-1.8,-4.3,-3.8,-1.4,-2.6,-3.5,-4.4,2.8,3.4,4.5,7.2,-3.6,-5.0,-5.1,-10.4,2.8,2.0,-1.7,-3.8,-1.2,-1.7,-10.3,-10.5,0.4
Basic EPS (Continuing),0.00,-0.19,0.29,0.32,0.39,0.31,0.37,0.34,-2.56,0.22,0.19,0.18,0.17,0.17,0.32,0.51,0.58,0.66,0.56,0.71,0.67,0.75,0.78,0.86,0.87,0.73
Basic EPS (Cum. Effect of Acct. Change),0.00,0.00,0.00,0.00,0.00,0.00,0.00,0.00,0.00,0.00,0.00,0.00,0.00,0.00,0.00,0.00,0.00,0.00,0.00,0.00,0.00,0.00,0.00,0.00,0.00,0.00
Basic EPS (Discontinued),0.00,0.00,0.00,0.00,0.00,0.00,0.00,0.00,0.00,0.00,0.00,0.00,0.00,0.00,0.00,0.00,0.00,0.00,0.00,0.00,0.00,0.00,0.00,0.00,0.00,0.00
Basic EPS (Extraordinary Items),0.00,0.00,0.00,0.00,0.00,0.00,0.00,0.00,0.00,0.00,0.00,0.00,0.00,0.00,0.00,0.00,0.00,0.00,0.00,0.00,0.00,0.00,0.00,0.00,0.00,0.00
Basic EPS (Other Gains/Losses),0.00,0.00,0.00,0.00,0.00,0.00,0.00,0.00,0.00,0.00,0.00,0.00,0.00,0.00,0.00,0.00,0.00,0.00,0.00,0.00,0.00,0.00,0.00,0.00,0.00,0.00
Basic EPS (Tax Loss Carry Forward),0.00,0.00,0.00,0.00,0.00,0.00,0.00,0.00,0.00,0.00,0.00,0.00,0.00,0.00,0.00,0.00,0.00,0.00,0.00,0.00,0.00,0.00,0.00,0.00,0.00,0.00
Close PE Ratio,0.0,0.0,0.0,0.0,12.4,10.5,12.8,8.0,0.0,0.0,0.0,0.0,11.9,17.4,14.3,13.2,12.6,12.7,9.1,4.7,6.1,6.9,7.0,6.8,6.9,9.1
Diluted EPS (Continuing),0.00,-0.19,0.23,0.32,0.36,0.31,0.37,0.34,-2.56,0.22,0.19,0.18,0.17,0.17,0.31,0.50,0.57,0.65,0.55,0.70,0.66,0.73,0.77,0.84,0.85,0.71
Diluted EPS (Cum. Effect of Acct. Change),0.00,0.00,0.00,0.00,0.00,0.00,0.00,0.00,0.00,0.00,0.00,0.00,0.00,0.00,0.00,0.00,0.00,0.00,0.00,0.00,0.00,0.00,0.00,0.00,0.00,0.00
Diluted EPS (Discontinued),0.00,0.00,0.00,0.00,0.00,0.00,0.00,0.00,0.00,0.00,0.00,0.00,0.00,0.00,0.00,0.00,0.00,0.00,0.00,0.00,0.00,0.00,0.00,0.00,0.00,0.00
Diluted EPS (Extraordinary),0.00,0.00,0.00,0.00,0.00,0.00,0.00,0.00,0.00,0.00,0.00,0.00,0.00,0.00,0.00,0.00,0.00,0.00,0.00,0.00,0.00,0.00,0.00,0.00,0.00,0.00
Diluted EPS (Other Gains/Losses),0.00,0.00,0.00,0.00,0.00,0.00,0.00,0.00,0.00,0.00,0.00,0.00,0.00,0.00,0.00,0.00,0.00,0.00,0.00,0.00,0.00,0.00,0.00,0.00,0.00,0.00
Diluted EPS (Tax Loss Carry Forward),0.00,0.00,0.00,0.00,0.00,0.00,0.00,0.00,0.00,0.00,0.00,0.00,0.00,0.00,0.00,0.00,0.00,0.00,0.00,0.00,0.00,0.00,0.00,0.00,0.00,0.00
Dividends Paid Per Share (YTD),0.00,0.00,0.00,0.00,0.00,0.00,0.00,0.00,0.00,0.00,0.00,0.00,0.00,0.00,0.00,0.00,0.00,0.00,0.00,0.00,0.00,0.00,0.00,0.00,0.00,0.00
EPS from Total Operations (YTD),0.36,-0.19,0.17,0.49,0.85,0.31,0.67,1.01,-1.55,0.22,0.41,0.59,0.76,0.17,0.48,0.99,1.56,0.65,1.20,1.89,2.55,0.73,1.50,2.33,3.18,0.71
High PE Ratio,0.0,0.0,0.0,0.0,18.0,12.6,13.5,14.8,0.0,0.0,0.0,0.0,12.6,17.5,18.5,13.5,13.8,13.3,12.6,11.6,11.2,10.8,7.7,7.3,7.4,9.5
"Income, Restructuring and M&A;",0.0,0.0,0.0,0.0,0.0,0.0,0.0,0.0,0.0,0.0,0.0,0.0,-1.0,0.0,0.0,0.0,0.0,0.0,0.0,0.0,0.0,0.0,0.0,0.0,0.0,0.0
LT-Debt as % of Invested Capital,84.2,85.4,43.9,50.5,53.0,54.7,57.4,59.9,66.5,64.0,61.5,60.7,58.2,57.3,54.4,57.3,56.3,61.2,68.0,70.2,70.1,68.9,70.2,75.0,72.0,72.9
LT-Debt as % of Total Debt,58.1,58.5,53.3,58.7,64.8,59.6,62.4,74.7,75.7,76.9,75.1,75.0,73.4,71.6,63.6,55.4,53.3,57.4,71.0,75.3,74.7,70.8,67.0,82.4,85.9,83.2
LT-Debt to Equity Ratio,5.34,5.85,0.78,1.02,1.13,1.21,1.35,1.50,1.99,1.78,1.60,1.54,1.39,1.34,1.19,1.34,1.29,1.58,2.13,2.36,2.35,2.22,2.35,3.00,2.58,2.69
Low PE Ratio,0.0,0.0,0.0,0.0,12.3,6.5,5.8,5.7,0.0,0.0,0.0,0.0,2.8,3.9,6.0,6.0,4.7,5.6,5.0,4.4,4.2,4.0,3.7,3.5,4.8,5.4
Net Income from Total Operations (YTD),5.2,3.6,7.7,13.1,19.2,5.3,11.6,17.4,-27.0,4.0,7.3,10.5,13.6,3.0,0.0,0.0,0.0,0.0,0.0,0.0,0.0,0.0,0.0,0.0,64.3,16.1
Normalized Close PE Ratio,0.0,0.0,0.0,0.0,13.2,11.2,12.6,8.0,2.3,2.2,4.6,7.7,11.0,16.0,12.9,11.3,0.0,0.0,0.0,0.0,0.0,0.0,0.0,0.0,6.9,9.1
Normalized High PE Ratio,0.0,0.0,0.0,0.0,19.2,13.3,13.3,14.7,15.0,16.0,18.4,11.4,11.6,16.1,16.7,11.6,0.0,0.0,0.0,0.0,0.0,0.0,0.0,0.0,7.4,9.5
Normalized Low PE Ratio,0.0,0.0,0.0,0.0,13.1,6.9,5.7,5.7,2.1,1.7,1.9,2.2,2.6,3.6,5.4,5.2,0.0,0.0,0.0,0.0,0.0,0.0,0.0,0.0,4.8,5.4
Normalized ROA,1.9,0.0,0.0,0.0,5.1,4.8,5.1,5.0,5.7,5.7,5.0,4.3,3.9,3.6,2.7,1.4,0.0,0.0,0.0,0.0,0.0,0.0,0.0,0.0,4.6,5.2
Normalized ROCI,3.0,0.0,0.0,0.0,6.5,6.6,6.9,6.0,6.9,6.8,6.1,5.2,4.7,4.5,3.5,2.1,0.0,0.0,0.0,0.0,0.0,0.0,0.0,0.0,5.2,6.0
Normalized ROE,19.1,0.0,0.0,0.0,13.8,14.5,16.2,15.0,20.8,19.0,15.8,13.1,11.3,10.4,7.6,4.9,0.0,0.0,0.0,0.0,0.0,0.0,0.0,0.0,18.5,22.1
Return on Assets (ROA),1.8,0.0,0.0,0.0,5.4,5.0,5.1,4.9,-6.5,-7.3,-8.2,-8.8,3.6,3.4,2.4,1.2,0.0,0.0,0.0,0.0,0.0,0.0,0.0,0.0,4.6,5.2
Return on Capital Invested (ROCI),3.0,0.0,0.0,0.0,6.9,6.9,6.9,6.0,-7.9,-8.7,-9.8,-10.6,4.4,4.1,3.1,1.8,0.0,0.0,0.0,0.0,0.0,0.0,0.0,0.0,5.2,6.0
Return on Stock Equity (ROE),18.9,0.0,0.0,0.0,14.7,15.3,16.1,14.9,0.0,0.0,0.0,0.0,10.5,9.6,6.9,4.2,0.0,0.0,0.0,0.0,0.0,0.0,0.0,0.0,18.5,22.1
Revenue (YTD),18.6,14.5,28.5,46.0,64.9,17.7,38.3,60.4,68.9,17.6,34.2,49.9,56.7,13.0,27.8,45.7,67.6,27.3,55.5,86.9,122.0,37.9,76.1,124.1,173.9,51.0
accounts payable,3.6,3.2,4.0,3.0,3.1,3.6,3.1,4.0,32.4,25.1,29.4,26.4,26.0,31.2,51.8,99.5,113.8,147.2,98.6,75.5,37.0,28.9,96.3,83.5,27.1,75.1
accounts receivable,31.8,32.3,33.8,36.3,35.2,36.8,40.1,40.6,40.9,38.0,37.6,36.2,33.4,37.1,35.8,35.7,40.4,38.8,39.8,43.5,45.4,46.4,46.8,51.3,51.8,51.3
accrued expenses,15.3,9.5,4.3,5.9,1.9,3.8,5.5,5.1,0.0,0.0,0.0,0.0,0.0,0.0,0.0,0.0,0.0,0.0,0.0,0.0,0.0,0.0,0.0,0.0,0.0,0.0
accrued liabilities,0.0,0.0,0.0,0.0,0.0,0.0,0.0,0.0,3.7,2.6,1.2,3.0,3.6,2.2,2.7,4.7,5.4,5.3,5.2,7.9,5.8,6.0,7.9,9.3,8.5,4.3
accumulated depreciation,93.9,91.5,90.0,88.0,87.3,87.0,86.8,87.2,87.7,87.9,85.5,83.6,81.4,77.9,76.6,81.3,86.1,89.9,95.5,101.6,110.3,117.5,125.7,136.8,1.3,162.4
acquisitions,0.0,0.0,0.0,0.0,0.0,0.0,-14.6,-14.6,0.0,0.0,0.0,0.0,0.0,0.0,0.0,0.0,0.0,0.0,0.0,0.0,0.0,0.0,0.0,0.0,0.0,0.0
additional paid-in capital,0.0,0.0,90.4,90.7,91.0,91.3,91.5,102.5,102.7,102.9,103.2,103.4,103.7,104.0,104.2,104.4,127.1,127.2,127.5,127.8,128.2,128.5,128.8,129.2,181.1,182.4
adjustments to revenue,0.0,0.0,0.0,0.0,0.0,0.0,0.0,0.0,0.0,0.0,0.0,0.0,0.0,0.0,0.0,0.0,0.0,0.0,0.0,0.0,0.0,0.0,0.0,0.0,0.0,0.0
advertising,0.0,0.0,0.0,0.0,0.0,0.0,0.0,0.0,0.0,0.0,0.0,0.0,0.0,0.0,0.0,0.0,0.0,0.0,0.0,0.0,0.0,0.0,0.0,0.0,0.0,0.0
amortization,0.2,0.1,0.2,0.5,0.6,0.1,0.2,0.0,0.5,0.1,0.2,0.4,0.5,0.1,0.3,0.5,0.6,0.3,0.6,1.0,1.4,0.6,1.2,1.9,2.6,1.7
amortization of intangibles,0.3,0.3,0.6,0.9,1.2,0.3,0.7,1.1,1.5,0.4,0.8,1.2,1.6,0.4,0.7,1.0,1.4,0.3,0.7,1.0,1.3,0.2,0.5,0.7,0.9,0.2
asset turnover,0.0,0.0,0.0,0.0,0.2,0.2,0.2,0.2,0.2,0.2,0.2,0.1,0.1,0.1,0.1,0.1,0.1,0.1,0.2,0.2,0.2,0.2,0.1,0.1,0.1,0.1
auditor name,None,None,None,None,None,None,None,None,None,None,None,None,None,None,None,None,None,None,None,None,None,None,None,None,None,None
auditor report,None,None,None,None,None,None,None,None,None,None,None,None,None,None,None,None,None,None,None,None,None,None,None,None,None,None
basic earnings indicator,N,Y,Y,Y,Y,Y,Y,Y,Y,Y,Y,Y,Y,Y,Y,Y,Y,Y,Y,Y,Y,Y,Y,Y,Y,Y
book value per share,2.62,2.44,6.94,7.28,7.65,7.98,8.37,8.85,6.35,6.54,6.80,7.03,7.21,7.32,7.56,8.20,9.31,10.05,10.65,11.31,11.92,12.72,13.46,14.37,15.73,16.39
building and improvements,0.0,0.0,0.0,0.0,0.0,0.0,0.0,0.0,0.0,0.0,0.0,0.0,0.0,0.0,0.0,0.0,0.0,0.0,0.0,0.0,0.0,0.0,0.0,0.0,0.0,0.0
capital lease obligations,0.0,0.0,0.0,0.0,0.0,0.0,0.0,17.8,18.1,18.0,17.9,17.5,16.3,13.7,11.6,11.7,10.5,10.3,9.8,8.4,16.5,15.8,5.9,5.4,5.1,4.6
cash as % of revenue,109.4,0.0,0.0,0.0,13.0,50.3,24.4,11.6,41.4,17.7,21.4,14.4,25.6,14.3,10.7,21.4,21.3,16.9,11.6,12.1,11.5,35.9,16.2,9.7,10.2,14.6
cash at beginning of period,4.3,20.4,20.4,20.4,20.4,8.4,8.4,8.4,8.4,28.5,28.5,28.5,28.5,14.5,14.5,14.5,14.5,14.4,14.4,14.4,14.4,14.1,14.1,14.1,14.1,17.7
cash end of period,20.4,7.8,9.5,13.1,8.4,34.2,18.2,9.2,28.5,12.2,13.9,8.4,14.5,7.5,5.4,11.2,14.4,13.8,11.1,13.1,14.1,47.6,23.2,15.2,17.7,26.8
cash flow,8.1,0.0,0.0,0.0,24.4,33.0,37.2,39.5,-8.9,-8.8,-11.2,-13.8,33.0,31.9,28.7,26.7,23.0,25.8,29.0,32.4,36.8,40.9,44.7,48.9,116.7,138.5
cash flow per share,0.77,0.00,0.00,0.00,1.42,1.92,2.17,2.21,-0.50,-0.49,-0.63,-0.77,1.84,1.78,1.60,1.49,1.19,1.34,1.50,1.68,1.90,2.12,2.31,2.53,5.29,6.25
cash from discontinued financing activities,0.0,0.0,0.0,0.0,0.0,0.0,0.0,0.0,0.0,0.0,0.0,0.0,0.0,0.0,0.0,0.0,0.0,0.0,0.0,0.0,0.0,0.0,0.0,0.0,0.0,0.0
cash from discontinued investing activities,0.0,0.0,0.0,0.0,0.0,0.0,0.0,0.0,0.0,0.0,0.0,0.0,0.0,0.0,0.0,0.0,0.0,0.0,0.0,0.0,0.0,0.0,0.0,0.0,0.0,0.0
cash per share,1.92,0.73,0.56,0.76,0.49,2.00,1.06,0.51,1.59,0.68,0.77,0.47,0.81,0.42,0.30,0.63,0.75,0.72,0.57,0.68,0.73,2.47,1.20,0.79,0.80,1.21
common par,1.3,1.3,0.0,0.0,0.0,0.0,0.0,0.0,0.0,0.0,0.0,0.0,0.0,0.0,0.0,0.0,0.0,0.0,0.0,0.0,0.0,0.0,0.0,0.0,0.0,0.0
common stock equity,27.8,25.8,119.1,124.8,131.1,136.9,143.5,158.6,113.8,117.1,121.9,126.0,129.1,131.2,135.5,147.0,179.6,193.8,205.4,218.2,230.0,245.5,259.6,277.2,346.8,363.0
construction in progress,0.0,0.0,0.0,0.0,0.0,0.0,0.0,0.0,0.0,0.0,0.0,0.0,0.0,0.0,0.0,0.0,0.0,0.0,0.0,0.0,0.0,0.0,0.0,0.0,0.0,0.0
cost in excess,50.2,50.2,50.2,50.2,50.2,50.2,50.2,50.2,0.0,0.0,0.0,0.0,0.0,0.0,0.0,0.0,0.0,0.0,0.0,0.0,0.0,0.0,0.0,0.0,0.0,0.0
cost of sales,0.0,0.9,1.0,0.7,0.7,0.7,1.2,1.2,1.1,1.5,2.2,2.1,2.2,2.0,1.6,0.7,0.9,0.7,0.9,0.6,1.4,1.3,1.1,1.4,2.5,2.5
cost of sales with depreciation,0.0,1.1,1.1,1.0,0.9,0.9,1.4,1.0,1.6,1.7,2.4,2.2,2.4,2.2,1.8,1.0,1.2,1.1,1.4,1.1,2.0,2.0,1.8,2.2,3.4,4.3
cumulative translation adjustments,0.0,0.0,0.0,0.0,0.0,0.0,0.0,0.0,0.0,0.0,0.0,0.0,0.0,0.0,0.0,0.0,0.0,0.0,0.0,0.0,0.0,0.0,0.0,0.0,0.0,0.0
current assets per share,5.62,4.74,3.00,3.40,3.12,4.69,3.99,3.40,4.52,3.59,3.55,3.46,3.54,3.11,2.80,3.22,3.56,3.38,3.39,3.72,3.88,5.79,4.58,4.63,4.31,4.94
current defered income taxes,0.9,0.9,1.0,1.0,1.8,1.9,1.9,1.9,1.9,1.9,2.7,2.7,1.7,1.7,1.7,1.7,1.9,1.8,1.9,1.9,2.0,2.0,2.0,2.0,2.2,2.2
current deferred income taxes,0.0,0.0,0.0,0.0,0.0,0.0,0.0,0.0,0.0,0.0,0.0,0.0,0.0,0.0,0.0,0.0,0.0,0.0,0.0,0.0,0.0,0.0,0.0,0.0,0.0,0.0
current liabilities per share,7.33,6.81,3.33,3.95,3.30,5.16,4.13,3.05,2.52,1.97,2.15,2.17,2.15,2.39,3.56,6.38,7.99,9.23,6.67,6.17,4.10,3.72,7.65,7.43,4.84,7.09
current ratio,0.8,0.7,0.9,0.9,0.9,0.9,1.0,1.1,1.8,1.8,1.7,1.6,1.6,1.3,0.8,0.5,0.4,0.4,0.5,0.6,0.9,1.6,0.6,0.6,0.9,0.7
decrease (increase) in other current liabilities,1.4,-1.2,-0.5,-0.4,2.4,8.7,2.4,-0.2,-0.3,0.1,0.3,0.1,-0.4,0.0,0.1,0.4,1.6,0.3,-0.0,0.0,0.0,0.6,0.0,0.0,0.0,0.0
decrease (increase) in other working capital,0.0,0.0,0.0,0.0,0.0,0.0,0.0,0.0,0.0,-3.2,0.0,0.0,1.0,0.0,0.0,0.0,3.4,0.0,0.0,1.0,1.1,0.0,0.8,11.5,10.1,-0.1
decrease (increase) in payables,4.9,-6.5,-9.2,-8.6,-11.1,1.0,0.1,0.6,5.6,-5.1,-6.6,-6.2,-6.6,-0.6,-2.5,-1.8,2.4,-1.3,-0.0,0.9,-2.2,3.6,4.1,0.7,-1.5,-6.4
deferred income taxes,0.1,-0.1,-0.1,-2.4,-1.6,-0.1,-0.2,-0.1,-0.6,-0.2,-0.4,-0.6,-1.1,0.0,0.0,0.0,3.1,0.1,0.5,0.6,3.9,0.1,0.1,0.1,6.0,-0.1
deferred revenues,0.7,0.7,0.8,0.7,3.7,4.2,3.9,4.0,4.5,4.6,4.8,4.7,4.2,4.2,4.2,4.6,5.7,6.1,5.8,6.7,6.8,7.4,7.6,8.6,7.9,7.8
depreciation,2.4,1.7,3.5,5.9,8.9,3.0,6.8,11.4,16.0,4.4,8.7,13.0,17.4,4.3,8.8,14.2,21.0,6.8,14.4,23.0,34.1,10.8,21.9,34.6,48.8,15.5
depreciation (unrecognized),0.0,1.7,1.8,2.3,3.0,3.0,3.7,4.5,4.6,4.4,4.2,4.3,4.3,4.2,4.5,5.4,6.7,6.7,7.4,8.5,10.9,10.7,11.1,12.5,14.1,15.3
domestic sales,0.0,0.0,0.0,0.0,0.0,0.0,0.0,0.0,0.0,0.0,0.0,0.0,0.0,0.0,0.0,0.0,0.0,0.0,0.0,0.0,0.0,0.0,0.0,0.0,0.0,0.0
earnings from equity interest,0.0,0.0,0.0,0.0,0.0,0.0,0.0,0.0,0.0,0.0,0.0,0.0,0.0,0.0,0.0,0.0,0.0,0.0,0.0,0.0,0.0,0.0,0.0,0.0,0.0,0.0
earnings period indicator,F,Q,S,N,F,Q,S,N,F,Q,S,N,F,Q,S,N,F,Q,S,N,F,Q,S,N,F,Q
effect exchange rate changes,0.1,0.0,0.0,0.1,0.0,0.1,0.3,-0.1,-0.4,0.0,0.4,0.4,0.5,-0.2,-0.6,-0.2,-0.3,0.3,0.4,0.2,-0.3,-0.2,0.0,0.1,-0.1,-1.7
effective tax rate,37.3,0.0,0.0,0.0,36.6,35.3,34.6,34.3,0.0,0.0,0.0,0.0,22.4,20.0,16.7,7.6,11.2,12.1,13.2,18.2,17.9,17.4,16.4,13.9,13.2,12.7
excise taxes,0.0,0.0,0.0,0.0,0.0,0.0,0.0,0.0,0.0,0.0,0.0,0.0,0.0,0.0,0.0,0.0,0.0,0.0,0.0,0.0,0.0,0.0,0.0,0.0,0.0,0.0
extraordinary gains,0.0,0.0,0.0,0.0,0.0,0.0,0.0,0.0,0.0,0.0,0.0,0.0,0.0,0.0,0.0,0.0,0.0,0.0,0.0,0.0,0.0,0.0,0.0,0.0,0.0,0.0
extraordinary income/losses,0.0,0.0,0.0,0.0,0.0,0.0,0.0,0.0,0.0,0.0,0.0,0.0,0.0,0.0,0.0,0.0,0.0,0.0,0.0,0.0,0.0,0.0,0.0,0.0,0.0,0.0
foreign sales,0.0,0.0,0.0,0.0,0.0,0.0,0.0,0.0,0.0,0.0,0.0,0.0,0.0,0.0,0.0,0.0,0.0,0.0,0.0,0.0,0.0,0.0,0.0,0.0,0.0,0.0
free cash flow,-37.5,-45.2,-85.7,-159.6,-220.7,-18.5,-90.1,-164.2,-176.9,-7.4,0.7,-13.1,-0.6,-19.3,-27.6,-80.0,-164.4,-83.5,-229.0,-334.6,-419.8,-39.8,-145.7,-281.7,-417.8,-78.8
free cash flow per share,-3.54,-4.27,-5.00,-9.31,-12.87,-1.08,-5.26,-9.16,-9.87,-0.41,0.04,-0.73,-0.03,-1.08,-1.54,-4.46,-8.52,-4.33,-11.87,-17.34,-21.76,-2.06,-7.55,-14.60,-18.94,-3.56
gross fixed assets,255.7,263.1,271.3,312.3,330.3,357.8,400.4,430.7,398.7,392.3,387.0,392.8,381.2,390.3,403.4,432.8,619.5,739.6,836.4,898.6,954.3,970.1,"1,152.5","1,258.9","1,213.3","1,504.0"
gross margin,0.0,13.6,13.0,16.8,18.2,16.9,19.5,21.0,7.3,16.0,14.4,13.7,4.6,11.0,13.2,17.1,20.9,26.6,27.3,30.7,33.7,36.7,37.1,43.5,47.3,48.5
gross profit margin,94.8,0.0,0.0,0.0,94.9,95.4,95.5,95.2,93.9,92.7,90.6,88.1,85.9,83.7,84.5,87.6,92.2,95.2,96.6,97.1,97.0,96.8,96.9,96.7,96.4,95.9
income before income taxes,0.0,5.8,6.5,8.5,9.5,7.8,9.5,9.1,-41.7,5.5,4.5,4.0,3.5,3.9,6.6,8.7,12.5,15.5,13.4,17.4,15.6,17.0,18.0,18.9,20.2,18.3
income from cum. effect of acct. change,0.0,0.0,0.0,0.0,0.0,0.0,0.0,0.0,0.0,0.0,0.0,0.0,0.0,0.0,0.0,0.0,0.0,0.0,0.0,0.0,0.0,0.0,0.0,0.0,0.0,0.0
income from tax loss carryforward,0.0,0.0,0.0,0.0,0.0,0.0,0.0,0.0,0.0,0.0,0.0,0.0,0.0,0.0,0.0,0.0,0.0,0.0,0.0,0.0,0.0,0.0,0.0,0.0,0.0,0.0
income per employee,80508,None,None,None,256453,None,None,None,-302843,None,None,None,163325,None,None,None,None,None,None,None,None,None,None,None,706385,None
income taxes,0.0,2.2,2.4,3.1,3.4,2.5,3.2,3.2,2.7,1.6,1.1,0.8,0.4,0.8,1.0,-0.5,2.3,2.6,2.3,3.6,2.6,2.5,2.4,2.1,2.8,2.3
"income, acquired in process r&a;",0.0,0.0,0.0,0.0,0.0,0.0,0.0,0.0,0.0,0.0,0.0,0.0,0.0,0.0,0.0,0.0,0.0,0.0,0.0,0.0,0.0,0.0,0.0,0.0,0.0,0.0
intangibles,7.1,6.9,6.6,6.3,6.0,5.7,7.7,7.0,6.6,6.1,5.8,5.5,5.1,4.6,4.2,4.0,3.6,3.3,3.0,2.6,2.3,2.1,1.9,1.7,1.4,1.2
intangibles as % of book-value,206.6,221.3,47.7,45.3,42.9,40.9,40.4,36.1,5.8,5.2,4.8,4.3,3.9,3.5,3.1,2.7,2.0,1.7,1.5,1.2,1.0,0.9,0.7,0.6,0.4,0.3
interest as % of invested capital,2.1,0.0,0.0,0.0,3.7,3.0,2.5,2.3,2.7,2.7,2.4,1.9,1.4,1.3,1.3,1.2,1.3,1.5,1.6,1.8,2.1,2.4,2.5,2.2,2.3,2.3
interest coverage (cont. operations),3.2,0.0,0.0,0.0,3.9,4.5,5.1,5.0,0.0,0.0,0.0,0.0,5.1,5.1,4.3,2.9,1.7,1.7,1.7,1.8,1.7,1.6,1.5,1.4,3.6,3.9
interest expense,0.0,3.2,2.7,2.1,2.4,2.0,2.1,2.4,2.8,1.3,1.1,1.0,1.0,0.9,1.0,1.4,2.0,3.0,3.5,4.3,5.3,5.9,6.3,7.2,9.4,8.4
interest income,0.0,0.0,0.0,0.0,0.1,0.0,0.1,0.0,0.0,0.0,0.0,0.0,0.0,0.0,0.1,0.0,-0.0,0.0,0.0,0.0,0.0,1.5,1.6,0.0,0.0,0.0
inventories,0.0,0.0,0.0,0.0,0.0,0.0,0.0,0.0,0.0,0.0,0.0,0.0,0.0,0.0,0.0,0.0,0.0,0.0,0.0,0.0,0.0,0.0,0.0,0.0,0.0,0.0
"inventories, finished goods",0.0,0.0,0.0,0.0,0.0,0.0,0.0,0.0,0.0,0.0,0.0,0.0,0.0,0.0,0.0,0.0,0.0,0.0,0.0,0.0,0.0,0.0,0.0,0.0,0.0,0.0
"inventories, other",0.0,0.0,0.0,0.0,0.0,0.0,0.0,0.0,0.0,0.0,0.0,0.0,0.0,0.0,0.0,0.0,0.0,0.0,0.0,0.0,0.0,0.0,0.0,0.0,0.0,0.0
"inventories, purchased components",0.0,0.0,0.0,0.0,0.0,0.0,0.0,0.0,0.0,0.0,0.0,0.0,0.0,0.0,0.0,0.0,0.0,0.0,0.0,0.0,0.0,0.0,0.0,0.0,0.0,0.0
"inventories, raw materials",0.0,0.0,0.0,0.0,0.0,0.0,0.0,0.0,0.0,0.0,0.0,0.0,0.0,0.0,0.0,0.0,0.0,0.0,0.0,0.0,0.0,0.0,0.0,0.0,0.0,0.0
"inventories, work in progress",0.0,0.0,0.0,0.0,0.0,0.0,0.0,0.0,0.0,0.0,0.0,0.0,0.0,0.0,0.0,0.0,0.0,0.0,0.0,0.0,0.0,0.0,0.0,0.0,0.0,0.0
inventory as % of revenue,0.0,0.0,0.0,0.0,0.0,0.0,0.0,0.0,0.0,0.0,0.0,0.0,0.0,0.0,0.0,0.0,0.0,0.0,0.0,0.0,0.0,0.0,0.0,0.0,0.0,0.0
inventory turnover,0.0,0.0,0.0,0.0,0.0,0.0,0.0,0.0,0.0,0.0,0.0,0.0,0.0,0.0,0.0,0.0,0.0,0.0,0.0,0.0,0.0,0.0,0.0,0.0,0.0,0.0
invested capital,176.0,176.8,212.2,252.3,278.7,302.0,336.6,395.8,340.1,325.3,317.0,320.4,309.0,307.4,297.3,344.2,410.9,499.8,642.4,732.2,770.5,789.9,870.9,"1,108.3","1,240.9","1,338.5"
issuance of capital stock,0.0,0.0,79.3,79.3,78.1,0.0,0.0,10.8,10.8,0.0,0.0,0.0,0.0,0.0,0.0,0.0,22.4,0.0,0.0,0.0,0.0,0.0,0.0,0.0,51.5,1.1
issuance of debt,64.0,26.0,51.0,101.0,138.1,17.5,55.5,123.6,137.5,5.4,5.4,26.3,26.3,21.0,29.2,67.8,135.8,82.5,221.8,338.3,558.4,141.5,316.7,600.4,"1,035.4",367.7
land and improvements,0.0,0.0,0.0,0.0,0.0,0.0,0.0,0.0,0.0,0.0,0.0,0.0,0.0,0.0,0.0,0.0,0.0,0.0,0.0,0.0,0.0,0.0,0.0,0.0,0.0,0.0
leverage ratio,10.2,11.0,2.5,2.7,2.7,3.0,3.2,3.0,3.6,3.3,3.1,3.1,2.9,2.9,2.9,3.4,3.4,3.7,4.0,4.1,4.1,4.1,4.5,4.6,4.0,4.2
loans receivable,0.0,0.0,0.0,0.0,0.0,0.0,0.0,0.0,0.0,0.0,0.0,0.0,0.0,0.0,0.0,0.0,0.0,0.0,0.0,0.0,0.0,0.0,0.0,0.0,0.0,0.0
long-term debt,148.3,151.0,93.1,127.5,147.6,165.1,193.1,219.4,208.2,190.2,177.2,176.9,163.6,162.4,150.1,185.5,220.8,295.6,427.2,505.6,524.0,528.6,605.4,825.7,889.0,970.9
long-term debt per share,14.01,14.27,5.43,7.44,8.61,9.63,11.26,13.24,12.63,11.62,10.89,10.85,10.04,9.83,9.03,11.01,11.99,15.86,22.65,26.64,28.01,28.21,31.68,43.07,40.54,44.05
marketable securities,0.0,0.0,0.0,0.0,0.0,0.0,0.0,5.7,0.0,0.0,0.0,0.0,6.8,6.8,4.8,4.5,3.9,3.5,3.3,5.4,6.2,8.4,8.8,11.1,10.6,12.4
minority interest,0.0,0.0,0.0,0.0,0.0,0.0,0.0,0.0,0.0,0.0,0.0,0.0,0.0,0.0,0.0,0.0,-0.2,0.2,0.2,0.2,0.0,0.1,0.5,0.2,0.0,0.0
minority interest liability,0.0,0.0,0.0,0.0,0.0,0.0,0.0,0.0,0.0,0.0,0.0,0.0,0.0,0.0,0.0,17.7,18.1,18.3,18.5,18.7,18.7,18.8,19.3,0.0,0.0,0.0
net cash from continuing operations,8.4,-7.9,-7.6,-8.7,-0.3,13.9,11.7,17.4,27.4,2.7,11.2,17.2,30.8,6.4,12.8,25.0,42.4,17.6,32.3,51.8,72.1,25.2,50.2,76.0,106.8,24.9
net cash from discontinued operations,0.0,0.0,0.0,0.0,0.0,0.0,0.0,0.0,0.0,0.0,0.0,0.0,0.0,0.0,0.0,0.0,0.0,0.0,0.0,0.0,0.0,0.0,0.0,0.0,0.0,0.0
net fixed assets,161.8,171.6,181.4,224.2,243.1,270.8,313.6,343.6,311.0,304.4,301.5,309.2,299.8,312.4,326.9,351.6,533.3,649.7,740.9,797.0,843.9,852.6,"1,026.7","1,122.1","1,212.1","1,341.5"
net income (continuing operations),0.0,3.6,4.1,5.4,6.1,5.3,6.3,5.9,-44.4,4.0,3.3,3.2,3.1,3.0,0.0,0.0,0.0,0.0,0.0,0.0,0.0,0.0,0.0,0.0,64.3,16.1
net income (discontinued operations),0.0,0.0,0.0,0.0,0.0,0.0,0.0,0.0,0.0,0.0,0.0,0.0,0.0,0.0,0.0,0.0,0.0,0.0,0.0,0.0,0.0,0.0,0.0,0.0,0.0,0.0
net income available for common,0.0,-2.0,4.1,5.4,6.1,5.3,6.3,5.9,-44.4,4.0,3.3,3.2,3.1,3.0,0.0,0.0,0.0,0.0,0.0,0.0,0.0,0.0,0.0,0.0,64.3,16.1
net income/loss,5.2,3.6,7.7,13.1,19.2,5.3,11.6,17.4,-27.0,4.0,7.3,10.5,13.6,3.0,8.7,17.9,28.2,13.0,24.1,37.9,50.8,14.5,30.1,46.9,64.3,16.1
net profit margin,28.1,0.0,0.0,0.0,29.6,30.7,30.9,29.7,-39.1,-41.1,-48.2,-58.1,23.9,24.3,18.5,11.7,0.0,0.0,0.0,0.0,0.0,0.0,0.0,0.0,37.0,43.7
non-current deferred income taxes,0.0,0.0,0.0,0.0,0.0,0.0,0.0,0.0,0.0,0.0,0.0,0.0,0.0,0.0,0.0,0.0,0.0,0.0,0.0,0.0,0.0,0.0,0.0,0.0,0.0,0.0
normalized income,0.0,3.7,2.8,5.5,6.1,5.4,6.4,5.9,5.9,4.0,3.4,3.2,4.1,3.1,0.0,0.0,0.0,0.0,0.0,0.0,-0.0,0.0,0.0,0.0,64.3,15.8
normalized income per employee,81754,None,None,None,241840,None,None,None,265449,None,None,None,176072,None,None,None,449,None,None,None,None,None,None,None,706385,None
normalized net profit margin,28.6,0.0,0.0,0.0,28.0,29.1,31.3,30.0,34.3,32.3,29.6,28.3,25.8,26.2,20.6,13.6,0.1,0.0,0.0,0.0,0.0,0.0,0.0,0.0,37.0,43.5
notes payable,0.0,0.0,0.0,0.0,0.0,0.0,0.0,0.0,0.0,0.0,0.0,0.0,0.0,0.0,0.0,0.0,0.0,0.0,0.0,0.0,0.0,0.0,0.0,0.0,0.0,0.0
number of days cost of goods in inventory,None,None,None,None,None,None,None,None,None,None,None,None,None,None,None,None,None,None,None,None,None,None,None,None,None,None
number of employees,None,None,None,None,None,None,None,None,None,None,None,None,None,None,None,None,None,None,None,None,None,None,None,None,None,None
number of months last report period,None,3,3,3,3,3,3,3,3,3,3,3,3,3,3,3,3,3,3,3,3,3,3,3,3,3
number of part-time employees,None,None,None,None,None,None,None,None,None,None,None,None,None,None,None,None,None,None,None,None,None,None,None,None,None,None
operating gains,-5.9,-3.6,-7.0,-12.3,-17.3,-3.7,-8.6,-11.6,-16.3,-1.0,-2.3,-3.5,-4.8,-1.5,-3.8,-5.6,-9.1,-5.0,-8.2,-13.0,-15.9,-4.3,-7.3,-9.6,-13.7,-2.6
operating income,0.0,9.0,8.5,10.6,11.8,9.8,11.4,11.5,-38.9,6.8,5.5,4.9,4.5,4.7,7.5,10.1,14.6,18.5,16.9,21.7,20.9,22.9,24.4,26.0,29.8,27.8
other current assets,6.3,9.2,7.1,8.1,4.8,4.4,8.2,3.3,6.7,9.8,7.2,10.3,4.0,0.2,0.5,0.5,1.4,0.5,2.9,0.1,0.2,0.2,0.3,0.3,0.9,0.3
other current liabilities,52.4,53.4,47.8,57.9,47.9,76.9,53.6,37.3,0.0,0.0,0.0,0.0,0.0,0.0,0.0,0.0,0.0,0.0,0.0,0.0,0.0,0.0,0.0,0.0,0.0,0.0
other equity adjustments,0.1,0.1,0.1,0.2,0.1,0.2,0.4,-1.4,-2.0,-2.9,-1.6,-1.0,-1.2,-2.4,-4.1,-2.0,-2.5,-1.2,-0.8,-2.0,-3.4,-2.6,-3.9,-3.3,-2.9,-4.1
"other financing charges, net",0.0,0.0,0.0,-0.8,0.2,-0.3,-0.3,-0.3,0.0,0.0,0.0,0.0,0.0,-0.2,0.0,17.6,18.3,-0.2,-0.6,-1.6,-2.5,-1.0,-2.1,-21.7,-29.7,-12.0
other fixed assets,0.0,0.0,0.0,0.0,0.0,0.0,0.0,0.0,0.0,0.0,0.0,0.0,0.0,0.0,0.0,1.0,2.9,0.0,0.0,0.0,0.0,0.0,0.0,0.0,0.0,0.0
other gains/losses,0.0,0.0,0.0,0.0,0.0,0.0,0.0,0.0,0.0,0.0,0.0,0.0,0.0,0.0,0.0,0.0,0.0,0.0,0.0,0.0,0.0,0.0,0.0,0.0,0.0,0.0
other income net,0.0,1.0,1.0,1.3,1.1,0.8,1.5,0.4,15.1,0.7,0.7,1.1,9.8,3.4,4.8,4.0,6.8,4.0,3.3,5.6,4.5,2.9,3.5,2.3,3.6,1.5
"other investing changes, net",0.8,0.8,1.8,2.8,4.0,0.9,2.5,4.4,6.6,1.5,2.8,4.2,0.0,0.0,0.0,0.0,0.0,0.0,0.0,0.0,0.0,0.0,0.0,0.0,8.8,2.6
other non-cash items,0.0,0.0,-1.1,-0.7,0.1,0.2,0.8,1.9,52.3,0.3,0.5,1.1,2.4,0.1,1.1,-0.2,0.3,-0.6,-0.5,0.0,0.2,0.4,0.7,1.0,1.6,0.2
other non-current assets,4.3,4.9,4.0,3.0,6.4,7.0,13.2,14.4,14.0,13.0,10.6,8.4,5.8,4.3,8.6,89.9,7.9,8.3,11.2,29.4,32.2,48.4,54.9,72.8,79.3,83.6
other non-current liabilities,0.0,0.0,0.0,0.0,0.0,0.0,19.9,0.0,2.0,2.0,0.0,0.0,0.0,0.0,2.1,0.0,0.1,0.1,0.1,0.1,51.3,100.3,100.3,0.3,0.2,0.2
other receivable,0.1,0.0,0.0,0.0,0.0,0.0,0.0,0.0,0.0,0.0,0.0,0.0,0.0,0.0,0.0,0.0,0.0,0.0,0.0,0.0,0.0,0.0,0.0,0.0,0.0,0.0
other special charges,0.0,-0.1,1.3,-0.1,0.0,-0.1,-0.1,-0.0,-50.3,-0.0,-0.0,-0.0,-0.0,-0.0,-0.0,-0.0,0.0,-0.0,-0.0,-0.0,0.0,0.0,0.0,0.0,0.0,0.3
payment of cash dividends,0.0,0.0,-0.8,-0.8,-0.8,0.0,0.0,0.0,0.0,0.0,0.0,0.0,0.0,0.0,0.0,0.0,0.0,0.0,0.0,0.0,0.0,0.0,0.0,0.0,0.0,0.0
payout ratio,None,None,None,None,None,None,None,None,None,None,None,None,None,None,None,None,None,None,None,None,None,None,None,None,None,None
post-tax profit margin,28.1,0.0,0.0,0.0,29.6,30.7,30.9,29.7,-39.1,-41.1,-48.2,-58.1,23.9,24.3,18.5,11.7,0.0,0.0,0.0,0.0,0.0,0.0,0.0,0.0,37.0,43.7
pre-tax profit margin,44.9,0.0,0.0,0.0,46.8,47.5,47.3,45.2,-22.4,-25.6,-34.9,-47.5,30.8,30.3,35.8,43.3,47.0,53.0,52.7,54.1,50.7,47.7,47.7,44.5,42.6,41.1
pref. securities of subsid. trust,0.0,0.0,0.0,0.0,0.0,0.0,0.0,0.0,0.0,0.0,0.0,0.0,0.0,0.0,0.0,0.0,0.0,0.0,0.0,0.0,0.0,0.0,0.0,0.0,0.0,0.0
preferred dividends,0.0,5.6,0.0,0.0,0.0,0.0,0.0,0.0,0.0,0.0,0.0,0.0,0.0,0.0,0.0,0.0,0.0,0.0,0.0,0.0,0.0,0.0,0.0,0.0,0.0,0.0
preferred equity outside stock equity,4.9,10.5,0.0,0.0,0.0,0.0,0.0,0.0,0.0,0.0,0.0,0.0,0.0,0.0,0.0,0.0,0.0,0.0,0.0,0.0,0.0,0.0,0.0,0.0,0.0,0.0
preferred secur. of subsid. trust,0.0,0.0,0.0,0.0,0.0,0.0,0.0,0.0,0.0,0.0,0.0,0.0,0.0,0.0,0.0,0.0,0.0,0.0,0.0,0.0,0.0,0.0,0.0,0.0,0.0,0.0
preferred shares,0.0,0.0,0.0,0.0,0.0,0.0,0.0,0.0,0.0,0.0,0.0,0.0,0.0,0.0,0.0,0.0,0.0,0.0,0.0,0.0,0.0,0.0,0.0,0.0,0.0,0.0
preferred stock equity,0.0,0.0,0.0,0.0,0.0,0.0,0.0,0.0,0.0,0.0,0.0,0.0,0.0,0.0,0.0,0.0,0.0,0.0,0.0,0.0,0.0,0.0,0.0,0.0,0.0,0.0
prepaid expenses,0.0,0.0,0.0,0.0,3.2,3.2,0.0,0.0,3.0,2.5,2.2,4.4,3.1,2.6,1.9,4.2,6.6,6.8,6.5,7.6,7.1,7.1,7.5,9.4,12.0,16.4
price/cash flow ratio,0.0,0.0,0.0,0.0,7.4,6.7,8.0,5.0,-6.3,-5.8,-8.1,-9.6,4.9,6.9,7.4,10.2,16.5,19.3,13.8,7.0,8.1,8.6,8.6,8.1,4.1,4.6
price/equity ratio,0.00,0.00,1.90,1.94,1.38,1.61,2.08,1.25,0.50,0.43,0.75,1.05,1.25,1.68,1.57,1.85,2.11,2.57,1.94,1.04,1.30,1.43,1.48,1.43,1.40,1.76
price/free cash flow ratio,0.0,0.0,-2.6,-1.5,-0.8,-11.9,-3.3,-1.2,-0.3,-6.9,127.5,-10.1,-301.0,-11.4,-7.7,-3.4,-2.3,-6.0,-1.7,-0.7,-0.7,-8.8,-2.6,-1.4,-1.2,-8.1
price/revenue ratio,0.00,0.00,0.00,0.00,2.78,3.24,4.00,2.50,0.83,0.74,1.41,2.26,2.85,4.23,4.23,5.18,5.60,6.10,4.18,2.08,2.45,2.65,2.69,2.54,2.78,3.47
price/tangible book ratio,0.00,0.00,3.63,3.54,2.41,2.72,3.49,1.96,0.53,0.46,0.79,1.10,1.30,1.74,1.62,1.90,2.15,2.62,1.97,1.05,1.31,1.44,1.49,1.44,1.40,1.76
purchase of  short-term investments,0.0,0.0,0.0,0.0,0.0,0.0,0.0,0.0,0.0,0.0,0.0,0.0,0.0,0.0,0.0,0.0,0.0,0.0,0.0,0.0,0.0,0.0,0.0,0.0,0.0,0.0
purchase of long-term investments,0.0,0.0,0.0,0.0,0.0,0.0,0.0,0.0,0.0,0.0,0.0,0.0,0.0,0.0,0.0,0.0,0.0,0.0,0.0,0.0,0.0,0.0,0.0,0.0,0.0,0.0
quarterly indicator,4,1,2,3,4,1,2,3,4,1,2,3,4,1,2,3,4,1,2,3,4,1,2,3,4,1
quick ratio,0.7,0.6,0.8,0.7,0.8,0.8,0.8,1.0,1.5,1.4,1.3,1.1,1.4,1.2,0.7,0.4,0.4,0.3,0.4,0.5,0.8,1.4,0.5,0.5,0.7,0.6
receivables,31.9,32.3,33.8,36.3,35.2,36.8,40.1,40.6,40.9,38.0,37.6,36.2,33.4,37.1,35.8,35.7,40.4,38.8,39.8,43.5,45.4,46.4,46.8,51.3,51.8,51.3
receivables as % of revenue,171.5,0.0,0.0,0.0,54.3,54.1,53.7,51.3,59.4,55.2,58.1,61.9,58.8,71.2,71.2,68.1,59.8,47.4,41.8,40.0,37.2,35.0,32.8,32.9,29.8,27.9
receivables per day sales,617.44,0.00,0.00,0.00,195.52,194.76,193.47,184.52,213.80,198.88,209.06,222.95,211.77,256.27,256.31,245.05,215.14,170.82,150.55,144.10,134.07,125.99,118.16,118.31,107.13,100.47
receivables turnover,0.0,0.0,0.0,0.0,1.9,2.0,2.0,2.1,1.8,1.8,1.7,1.5,1.5,1.4,1.4,1.5,1.8,2.2,2.5,2.7,2.8,3.1,3.3,3.3,3.6,3.8
repayment of long-term debt,-24.2,-23.3,-111.5,-127.2,-144.3,-0.0,-11.2,-53.2,-77.6,-24.1,-40.1,-60.8,-75.4,-22.9,-42.5,-48.3,-61.4,-18.4,-27.3,-56.3,-197.9,-88.9,-190.5,-348.3,-699.2,-278.3
repurchase of capital stock,-40.1,0.0,0.0,0.0,0.0,0.0,0.0,0.0,0.0,0.0,0.0,0.0,0.0,0.0,0.0,0.0,0.0,0.0,0.0,0.0,0.0,0.0,0.0,0.0,0.0,0.0
restricted cash,0.0,0.0,0.0,0.0,0.0,0.0,0.0,0.0,0.0,0.0,0.0,0.0,0.0,0.0,0.0,0.0,0.0,0.0,0.0,0.0,0.0,0.0,0.0,0.0,0.0,0.0
retained earnings,26.4,24.4,28.5,33.9,40.1,45.3,51.6,57.5,13.1,17.1,20.4,23.6,26.7,29.7,35.4,44.5,55.0,67.8,78.7,92.3,105.2,119.6,134.8,151.3,168.7,184.8
revenue per $  plant (net),0.12,0.00,0.00,0.00,0.27,0.25,0.24,0.23,0.22,0.23,0.21,0.19,0.19,0.17,0.15,0.15,0.13,0.13,0.13,0.14,0.14,0.16,0.14,0.14,0.14,0.14
revenue per $ cash,0.91,0.00,0.00,0.00,7.69,1.99,4.09,8.60,2.41,5.66,4.68,6.93,3.91,6.99,9.32,4.68,4.69,5.91,8.61,8.27,8.67,2.79,6.16,10.26,9.84,6.87
revenue per $ common equity,0.67,0.00,0.00,0.00,0.49,0.50,0.52,0.50,0.61,0.59,0.53,0.46,0.44,0.40,0.37,0.36,0.38,0.42,0.46,0.50,0.53,0.54,0.55,0.56,0.50,0.51
revenue per $ invested capital,0.11,0.00,0.00,0.00,0.23,0.23,0.22,0.20,0.20,0.21,0.20,0.18,0.18,0.17,0.17,0.15,0.16,0.16,0.15,0.15,0.16,0.17,0.16,0.14,0.14,0.14
revenue per share,1.76,0.00,0.00,0.00,3.78,3.97,4.35,4.42,3.84,3.84,3.62,3.26,3.17,2.91,2.81,2.93,3.50,4.24,4.94,5.63,6.32,6.87,7.39,8.09,7.89,8.30
revenue/assets,0.1,0.0,0.0,0.0,0.2,0.2,0.2,0.2,0.2,0.2,0.2,0.2,0.2,0.1,0.1,0.1,0.1,0.1,0.1,0.1,0.1,0.1,0.1,0.1,0.1,0.1
sale of long-term investments,0.0,0.0,0.0,0.0,0.0,0.0,0.0,0.0,0.0,0.0,0.0,0.0,5.5,1.4,2.8,4.0,5.3,1.4,3.0,4.4,6.1,1.7,3.9,0.0,0.0,0.0
sale of short-term investments,0.0,0.0,0.0,0.0,0.0,0.0,0.0,0.0,0.0,0.0,0.0,0.0,0.0,0.0,0.0,0.0,0.0,0.0,0.0,0.0,0.0,0.0,0.0,6.2,0.0,0.0
sales per $ inventory,0.00,0.00,0.00,0.00,0.00,0.00,0.00,0.00,0.00,0.00,0.00,0.00,0.00,0.00,0.00,0.00,0.00,0.00,0.00,0.00,0.00,0.00,0.00,0.00,0.00,0.00
sales per $ receivables,0.58,0.00,0.00,0.00,1.84,1.85,1.86,1.95,1.68,1.81,1.72,1.61,1.70,1.40,1.40,1.47,1.67,2.11,2.39,2.50,2.69,2.86,3.05,3.04,3.36,3.58
sales per employee,286323,None,None,None,864960,None,None,None,773921,None,None,None,683349,None,None,None,759000,None,None,None,1469831,None,None,None,1911264,None
shares out (common class only),10.6,10.6,17.1,17.1,17.1,17.1,17.1,17.9,17.9,17.9,17.9,17.9,17.9,17.9,17.9,17.9,19.3,19.3,19.3,19.3,19.3,19.3,19.3,19.3,22.1,22.1
short-term debt,5.5,5.3,0.2,0.1,0.0,0.0,4.7,4.1,4.5,2.9,3.1,4.9,4.6,5.3,5.0,5.5,29.2,19.5,19.1,29.0,29.6,29.5,35.8,42.0,63.3,69.9
special income charges,0.0,-0.1,1.3,-0.1,0.0,-0.1,-0.1,-0.0,-50.3,-0.0,-0.0,-0.0,-1.0,-0.0,-0.0,-0.0,0.0,-0.0,-0.0,-0.0,0.0,0.0,0.0,0.0,0.0,0.3
tangible book value per share,-2.80,-2.96,3.63,3.98,4.37,4.72,4.99,5.65,5.98,6.20,6.48,6.73,6.92,7.07,7.33,7.98,9.12,9.87,10.49,11.17,11.80,12.61,13.36,14.28,15.66,16.34
total assets per share,26.74,26.81,17.13,19.96,20.94,24.15,26.43,26.57,23.02,21.65,21.30,21.49,20.88,21.05,21.76,28.09,31.79,37.66,42.53,46.68,49.41,52.59,60.74,66.64,62.94,69.35
total capitalization,176.0,176.8,212.2,252.3,278.7,302.0,336.6,378.0,322.0,307.3,299.1,302.9,292.7,293.7,285.6,332.5,400.4,489.4,632.6,723.7,754.1,774.1,865.1,"1,102.9","1,235.8","1,334.0"
total debt as % total assets,90.2,90.9,59.5,63.5,63.5,66.9,68.3,66.7,72.4,69.8,68.1,67.3,65.5,65.2,65.2,70.8,70.7,73.3,75.0,75.8,75.9,75.8,77.8,78.4,75.0,76.4
total debt/equity ratio,5.54,6.06,0.78,1.02,1.13,1.21,1.38,1.52,2.03,1.80,1.63,1.58,1.43,1.38,1.23,1.38,1.45,1.68,2.22,2.49,2.48,2.34,2.49,3.15,2.76,2.88
total non-current assets,223.5,233.6,242.2,283.8,305.7,333.7,384.7,415.2,331.6,323.5,318.0,323.1,310.7,321.3,339.7,445.4,544.8,661.3,755.1,828.9,878.5,903.1,"1,083.5","1,196.6","1,292.8","1,426.4"
total ordinary shares,0.0,0.0,0.0,0.0,0.0,0.0,0.0,0.0,0.0,0.0,0.0,0.0,0.0,0.0,0.0,0.0,0.0,0.0,0.0,0.0,0.0,0.0,0.0,0.0,0.0,0.0
total revenue,0.0,14.5,14.0,17.5,18.9,17.7,20.6,22.1,22.7,17.6,16.7,15.7,15.3,15.2,17.4,20.1,25.2,27.7,28.8,33.0,36.2,39.4,39.7,44.9,49.9,51.0
treasury shares,0.0,0.0,0.0,0.0,0.0,0.0,0.0,0.0,0.0,0.0,0.0,0.0,0.0,0.0,0.0,0.0,0.0,0.0,0.0,0.0,0.0,0.0,0.0,0.0,0.0,0.0
treasury stock,0.0,0.0,0.0,0.0,0.0,0.0,0.0,0.0,0.0,0.0,0.0,0.0,0.0,0.0,0.0,0.0,0.0,0.0,0.0,0.0,0.0,0.0,0.0,0.0,0.0,0.0
working capital,-18.0,-21.9,-5.7,-9.3,-3.2,-8.0,-2.4,6.2,35.8,29.0,25.1,23.0,24.9,12.9,-13.6,-56.6,-85.5,-112.8,-63.2,-47.4,-4.2,39.8,-59.2,-54.1,-11.7,-47.7
working capital as % of price,0.0,0.0,-2.5,-3.8,-1.8,-3.7,-0.8,3.2,63.1,57.2,27.5,17.5,15.4,5.8,-6.4,-20.8,-22.6,-22.6,-15.9,-21.0,-1.4,11.3,-15.4,-13.6,-2.4,-7.5
working capital per share,-1.70,-2.07,-0.33,-0.54,-0.19,-0.47,-0.14,0.35,2.00,1.62,1.40,1.29,1.39,0.72,-0.76,-3.16,-4.43,-5.85,-3.28,-2.46,-0.22,2.06,-3.07,-2.80,-0.53,-2.15
working captial as % of equity,-65.0,-85.0,-4.8,-7.4,-2.4,-5.8,-1.7,3.9,31.4,24.8,20.6,18.3,19.3,9.9,-10.1,-38.5,-47.6,-58.2,-30.8,-21.7,-1.8,16.2,-22.8,-19.5,-3.4,-13.1
