,2007/09,2007/12,2008/03,2008/06,2008/09,2008/12,2009/03,2009/06,2009/09,2009/12,2010/03,2010/06,2010/09,2010/12,2011/03,2011/06,2011/09,2011/12,2012/03,2012/06,2012/09,2012/12
% of EPS-to-Industry,0.0,-40.5,0.0,14.1,7.6,25.4,-113.6,-86.4,-56.1,-88.6,-421.3,34319.5,67.7,40.8,35.9,34.8,37.5,46.5,42.2,47.2,40.2,31.3
% of PE-to-Industry,0.0,0.0,0.0,398.9,935.0,287.1,0.0,0.0,0.0,0.0,0.0,0.0,73.5,131.8,140.1,122.1,131.7,128.3,128.1,120.2,123.8,171.1
% of ROE-to-Industry,0.0,0.0,0.0,60.1,9.2,16.6,360.0,150.0,0.0,0.0,0.0,0.0,0.0,0.0,0.0,0.0,0.0,0.0,0.0,0.0,0.0,43.2
% of current ratio-to-industry,133.3,141.7,216.7,200.0,192.3,216.7,0.0,0.0,0.0,0.0,0.0,0.0,0.0,0.0,0.0,0.0,0.0,0.0,0.0,0.0,0.0,0.0
% of debt/equity-to-industry,0.0,156.4,142.5,136.8,104.3,95.5,93.0,0.0,0.0,0.0,0.0,0.0,107.1,0.0,0.0,0.0,83.7,0.0,98.0,14.3,9.6,11.3
% of earnings-to-industry,0.0,-0.3,0.0,0.5,0.1,0.2,0.5,0.3,-0.9,0.0,0.0,0.0,0.0,0.0,0.0,0.0,0.0,0.0,0.0,0.0,0.0,0.1
% of gross profit margin-to-industry,0.0,67.3,0.0,0.0,0.0,150.0,38.9,44.9,44.4,0.0,43.4,42.7,43.1,0.0,40.6,41.1,41.2,0.0,41.4,40.7,40.1,0.0
% of leverage-to-industry,0.0,181.3,145.5,150.0,134.3,120.0,59.4,40.3,44.8,35.3,32.8,33.3,34.3,33.3,30.3,27.8,25.9,26.8,24.4,23.5,22.2,21.4
% of net profit margin-to-industry,0.0,-162.8,0.0,96.0,17.5,27.7,142.9,87.5,-300.0,0.0,0.0,0.0,0.0,0.0,0.0,0.0,0.0,0.0,0.0,0.0,0.0,20.6
% of post-tax profit margin-to-industry,0.0,-162.8,0.0,96.0,17.5,28.3,142.9,77.8,-600.0,0.0,0.0,0.0,0.0,0.0,0.0,0.0,0.0,0.0,0.0,0.0,0.0,20.5
% of pre-tax profit margin-to-industry,0.0,-176.2,0.0,0.0,0.0,106.0,51.1,-1450.0,-563.2,345.2,190.0,150.7,88.1,60.3,60.5,51.6,75.2,52.4,33.4,34.4,22.6,23.9
% of pric/free cashlow-to-industry,-280.4,90.4,6.6,-53.9,-174.6,2396.0,13.6,-6.1,228.6,-8.8,-29.4,6.4,336.6,53.8,-4.2,6.6,185.3,0.0,25.9,-63.1,51.1,-32.0
% of price-to-industry,59.4,64.1,63.6,55.6,71.1,73.2,89.9,77.0,73.3,62.1,52.1,52.5,49.9,53.8,50.2,42.6,49.4,59.4,54.1,56.8,49.7,53.6
% of price/book-to-industry,0.0,148.5,143.8,124.1,154.8,120.1,382.6,238.2,208.9,122.6,109.1,110.3,115.9,120.8,106.6,97.5,117.6,132.0,125.5,127.7,106.3,119.7
% of price/cashflow-to-industry,0.0,-1044.0,0.0,0.0,0.0,351.8,87.4,67.4,-2.3,8.4,81.8,91.5,195.2,277.1,272.0,263.4,241.2,252.9,240.7,188.8,181.3,165.0
% of price/sales-to-industry,0.0,627.1,0.0,198.1,284.4,207.1,145.6,133.8,118.8,64.5,59.7,63.1,71.8,76.8,74.5,61.1,53.4,55.8,51.4,52.9,46.5,56.8
% of sales-to-industry,0.0,0.2,0.0,0.5,0.5,0.6,0.3,0.3,0.3,0.3,0.3,0.3,0.3,0.3,0.3,0.3,0.4,0.4,0.5,0.5,0.5,0.5
(increase) decrease in inventories,0.0,0.0,0.0,0.0,0.0,0.0,0.0,0.0,0.0,0.0,0.0,0.0,0.0,0.0,0.0,0.0,0.0,0.0,0.0,0.0,0.0,0.0
(increase) decrease in other current assets,0.0,0.0,0.0,0.0,0.0,0.0,2.7,-1.2,-2.4,0.0,0.5,0.7,-0.6,0.0,-1.0,-0.4,2.5,0.0,1.8,0.4,-2.0,-4.3
(increase) decrease in prepaid expenses,-1.4,0.5,-0.4,0.5,0.1,-0.2,0.1,1.5,1.0,0.5,0.2,-1.7,-0.0,-0.9,-0.1,-0.3,1.8,1.4,-0.2,-2.4,-0.2,-2.6
(increase) decrease in receivables,-17.1,5.9,-12.8,-10.6,-14.4,-3.6,-11.0,-14.1,-17.1,-6.0,-0.6,0.5,0.2,-3.2,-7.3,-19.5,-20.7,-34.3,5.8,-1.0,-4.8,-0.6
Basic EPS (Continuing),0.14,0.00,0.11,0.10,0.01,0.19,0.13,0.10,0.15,0.20,0.16,0.10,0.15,0.21,0.15,0.12,0.14,0.24,0.13,0.18,0.16,0.16
Basic EPS (Cum. Effect of Acct. Change),0.00,0.00,0.00,0.00,0.00,0.00,0.00,0.00,0.00,0.00,0.00,0.00,0.00,0.00,0.00,0.00,0.00,0.00,0.00,0.00,0.00,0.00
Basic EPS (Discontinued),0.00,0.00,0.00,0.00,0.00,0.00,0.00,0.00,0.00,0.00,0.00,0.00,0.00,0.00,0.00,0.00,0.00,0.00,0.00,0.00,0.00,0.00
Basic EPS (Extraordinary Items),0.00,0.00,0.00,0.00,0.00,0.00,0.00,0.00,0.00,0.00,0.00,0.00,0.00,0.00,0.00,0.00,0.00,0.00,0.00,0.00,0.00,0.00
Basic EPS (Other Gains/Losses),0.00,0.00,0.00,0.00,0.00,0.00,0.00,0.00,0.00,0.00,0.00,0.00,0.00,0.00,0.00,0.00,0.00,0.00,0.00,0.00,0.00,0.00
Basic EPS (Tax Loss Carry Forward),0.00,0.00,0.00,0.00,0.00,0.00,0.00,0.00,0.00,0.00,0.00,0.00,0.00,0.00,0.00,0.00,0.00,0.00,0.00,0.00,0.00,0.00
Close PE Ratio,0.0,0.0,0.0,48.7,100.1,49.0,38.4,43.4,35.5,33.8,28.9,21.8,22.8,28.1,27.6,21.0,17.8,23.0,25.1,21.3,19.7,25.2
Diluted EPS (Continuing),0.14,0.00,0.11,0.09,0.01,0.18,0.13,0.09,0.14,0.19,0.16,0.09,0.15,0.20,0.14,0.12,0.14,0.23,0.13,0.18,0.15,0.16
Diluted EPS (Cum. Effect of Acct. Change),0.00,0.00,0.00,0.00,0.00,0.00,0.00,0.00,0.00,0.00,0.00,0.00,0.00,0.00,0.00,0.00,0.00,0.00,0.00,0.00,0.00,0.00
Diluted EPS (Discontinued),0.00,0.00,0.00,0.00,0.00,0.00,0.00,0.00,0.00,0.00,0.00,0.00,0.00,0.00,0.00,0.00,0.00,0.00,0.00,0.00,0.00,0.00
Diluted EPS (Extraordinary),0.00,0.00,0.00,0.00,0.00,0.00,0.00,0.00,0.00,0.00,0.00,0.00,0.00,0.00,0.00,0.00,0.00,0.00,0.00,0.00,0.00,0.00
Diluted EPS (Other Gains/Losses),0.00,0.00,0.00,0.00,0.00,0.00,0.00,0.00,0.00,0.00,0.00,0.00,0.00,0.00,0.00,0.00,0.00,0.00,0.00,0.00,0.00,0.00
Diluted EPS (Tax Loss Carry Forward),0.00,0.00,0.00,0.00,0.00,0.00,0.00,0.00,0.00,0.00,0.00,0.00,0.00,0.00,0.00,0.00,0.00,0.00,0.00,0.00,0.00,0.00
Dividends Paid Per Share (YTD),0.00,0.00,0.00,0.07,0.07,0.13,0.00,0.00,0.05,0.10,0.05,0.11,0.17,0.23,0.08,0.16,0.24,0.32,0.09,0.18,0.27,0.36
EPS from Total Operations (YTD),0.08,-0.49,0.11,0.20,0.21,0.39,0.13,0.20,0.35,0.54,0.16,0.25,0.40,0.60,0.14,0.26,0.40,0.63,0.13,0.31,0.46,0.62
High PE Ratio,0.0,0.0,0.0,65.3,108.4,58.4,55.5,55.5,39.2,37.0,34.4,33.9,32.5,31.7,30.5,29.0,29.5,28.1,26.6,24.3,23.9,26.6
"Income, Restructuring and M&A;",0.0,0.0,0.0,0.0,0.0,0.0,0.0,0.0,0.0,0.0,0.0,-0.3,-0.1,-0.3,-0.2,-1.2,-3.4,0.7,-1.2,-1.1,-0.4,-4.9
LT-Debt as % of Invested Capital,119.5,37.9,36.2,34.4,32.5,29.6,28.5,0.0,0.0,0.0,0.0,0.0,31.2,0.0,0.0,0.0,29.2,0.0,32.6,6.3,4.6,5.5
LT-Debt as % of Total Debt,24.7,12.7,15.1,13.9,13.1,13.3,14.5,0.0,0.0,0.0,0.0,0.0,36.0,0.0,0.0,0.0,37.8,0.0,54.4,7.3,5.8,6.9
LT-Debt to Equity Ratio,-6.13,0.61,0.57,0.52,0.48,0.42,0.40,0.00,0.00,0.00,0.00,0.00,0.45,0.00,0.00,0.00,0.41,0.00,0.48,0.07,0.05,0.06
Low PE Ratio,0.0,0.0,0.0,31.2,50.6,20.5,19.5,19.5,14.8,22.9,24.5,19.4,16.8,16.5,17.1,16.3,15.5,14.7,15.0,13.7,14.0,18.3
Net Income from Total Operations (YTD),6.0,-6.4,1.4,2.7,2.8,5.2,0.0,0.0,0.0,0.0,0.0,0.0,0.0,0.0,0.0,0.0,0.0,0.0,0.0,0.0,0.0,26.3
Normalized Close PE Ratio,0.0,0.0,0.0,0.0,0.0,49.0,38.4,43.4,35.5,0.0,0.0,0.0,0.0,0.0,0.0,0.0,0.0,0.0,0.0,0.0,0.0,19.0
Normalized High PE Ratio,0.0,0.0,0.0,0.0,0.0,58.4,55.5,55.5,39.2,0.0,0.0,0.0,0.0,0.0,0.0,0.0,0.0,0.0,0.0,0.0,0.0,20.1
Normalized Low PE Ratio,0.0,0.0,0.0,0.0,0.0,20.5,19.5,19.5,14.8,0.0,0.0,0.0,0.0,0.0,0.0,0.0,0.0,0.0,0.0,0.0,0.0,13.9
Normalized ROA,0.0,-1.6,0.0,0.0,0.0,1.3,1.0,0.6,0.5,0.0,0.1,0.2,0.2,0.3,0.2,0.3,1.0,0.7,0.8,0.8,0.3,4.9
Normalized ROCI,0.0,-5.7,0.0,0.0,0.0,3.7,2.6,1.5,1.3,0.0,0.3,0.4,0.3,0.5,0.3,0.7,1.4,1.5,1.0,1.4,0.5,8.5
Normalized ROE,0.0,0.0,0.0,0.0,0.0,5.2,3.6,1.5,1.3,0.0,0.3,0.4,0.5,0.5,0.3,0.7,2.0,1.5,1.5,1.5,0.6,9.0
Return on Assets (ROA),0.0,-1.6,0.0,3.5,0.7,1.3,1.0,0.6,0.5,0.0,0.0,0.0,0.0,0.0,0.0,0.0,0.0,0.0,0.0,0.0,0.0,3.7
Return on Capital Invested (ROCI),0.0,-5.7,0.0,10.9,2.2,3.7,2.6,1.5,1.3,0.0,0.0,0.0,0.0,0.0,0.0,0.0,0.0,0.0,0.0,0.0,0.0,6.4
Return on Stock Equity (ROE),0.0,0.0,0.0,16.7,3.3,5.2,3.6,1.5,1.3,0.0,0.0,0.0,0.0,0.0,0.0,0.0,0.0,0.0,0.0,0.0,0.0,6.7
Revenue (YTD),258.2,90.7,93.2,196.1,295.2,392.0,89.3,179.3,272.6,382.0,89.2,177.9,269.5,375.0,86.9,177.9,272.3,396.9,108.9,220.8,329.2,484.7
accounts payable,6.4,5.0,4.6,4.3,6.7,3.7,7.7,5.9,7.4,6.8,7.8,6.3,7.3,8.0,8.6,8.5,8.1,10.4,11.1,11.8,11.5,12.8
accounts receivable,77.5,68.6,81.0,79.5,85.0,73.8,53.9,59.7,62.3,55.1,52.3,51.8,52.0,60.4,61.2,60.2,63.8,77.8,69.9,75.4,73.5,79.4
accrued expenses,23.6,10.1,4.8,1.7,3.2,4.4,0.0,0.0,0.0,0.0,0.0,0.0,0.0,0.0,0.0,0.0,0.0,0.0,0.0,0.0,0.0,0.0
accrued liabilities,54.7,72.7,28.0,37.3,43.7,47.8,14.4,17.0,29.7,48.0,16.4,24.2,29.8,51.1,14.4,21.0,29.1,64.8,32.3,46.9,54.3,78.8
accumulated depreciation,0.0,8.2,8.2,8.2,8.2,14.1,0.0,0.0,0.0,20.6,21.9,23.1,24.8,26.4,27.9,29.5,31.0,32.5,34.1,34.4,37.0,39.5
acquisitions,0.5,-11.5,-3.5,-7.6,-16.4,-16.5,0.0,0.0,-0.1,-5.3,-0.5,-11.8,-11.8,-18.2,-0.5,-5.9,-5.9,-53.5,-0.3,-1.4,-1.4,-13.6
additional paid-in capital,9.2,75.4,78.7,82.9,89.7,100.8,104.7,171.7,176.9,207.2,214.0,213.9,212.8,232.6,239.1,240.8,234.2,252.6,301.9,306.7,327.1,352.9
adjustments to revenue,0.0,0.0,0.0,0.0,0.0,0.0,0.0,0.0,0.0,0.0,0.0,0.0,0.0,0.0,0.0,0.0,0.0,0.0,0.0,0.0,0.0,0.0
advertising,0.0,0.0,0.0,0.0,0.0,0.0,0.0,0.0,0.0,0.0,0.0,0.0,0.0,0.0,0.0,0.0,0.0,0.0,0.0,0.0,0.0,0.0
amortization,0.6,0.6,0.9,0.0,0.0,0.0,0.0,0.0,0.0,0.0,0.0,0.0,0.0,0.0,0.0,0.0,0.0,0.0,0.0,0.0,0.0,0.0
amortization of intangibles,3.2,1.2,0.0,0.0,0.0,0.0,0.0,0.0,0.0,0.0,0.0,0.0,0.0,0.0,0.0,0.0,0.0,0.0,0.0,0.0,0.0,0.0
asset turnover,0.0,0.0,0.0,0.0,0.8,1.0,1.0,0.9,0.8,0.8,0.9,0.8,0.8,0.7,0.7,0.7,0.7,0.7,0.7,0.7,0.8,0.7
auditor name,None,None,None,None,None,None,None,None,None,None,None,None,None,None,None,None,None,None,None,None,None,None
auditor report,None,None,None,None,None,None,None,None,None,None,None,None,None,None,None,None,None,None,None,None,None,None
basic earnings indicator,Y,Y,Y,Y,Y,Y,Y,Y,Y,Y,Y,Y,Y,Y,Y,Y,Y,Y,Y,Y,Y,Y
book value per share,0.00,2.04,2.14,2.28,2.41,2.81,2.86,4.32,4.52,7.84,7.77,7.88,8.02,8.30,8.24,8.30,8.37,8.78,8.56,8.72,8.95,9.20
building and improvements,0.0,12.4,0.0,0.0,0.0,15.4,0.0,0.0,0.0,16.6,0.0,0.0,0.0,19.6,0.0,0.0,0.0,20.6,0.0,0.0,0.0,30.9
capital lease obligations,0.0,0.0,0.0,0.0,0.0,0.0,0.0,0.0,0.0,0.0,0.0,0.0,0.0,0.0,0.0,0.0,0.0,0.0,0.0,0.0,0.0,0.0
cash as % of revenue,0.0,99.5,0.0,18.7,19.5,20.8,12.8,15.6,22.8,28.1,23.6,20.8,26.4,30.2,21.3,18.8,20.5,9.8,9.8,11.1,10.3,14.2
cash at beginning of period,59.1,50.5,90.2,90.2,90.2,90.2,81.4,81.4,81.4,81.4,107.3,107.3,107.3,107.3,113.3,113.3,113.3,113.3,39.0,39.0,39.0,39.0
cash end of period,45.6,90.2,28.2,52.5,57.1,81.4,49.4,58.6,84.2,107.3,90.0,79.2,98.8,113.3,78.4,69.5,77.6,39.0,41.0,49.3,46.8,68.7
cash flow,0.0,-3.4,0.0,0.0,0.0,15.0,13.1,13.0,13.0,10.2,10.2,10.0,9.9,9.9,9.9,10.1,10.4,11.2,12.6,14.4,16.2,44.4
cash flow per share,0.00,-0.10,0.00,0.00,0.00,0.42,0.36,0.32,0.32,0.37,0.35,0.35,0.35,0.33,0.31,0.32,0.34,0.35,0.33,0.37,0.40,1.05
cash from discontinued financing activities,0.0,0.0,0.0,0.0,0.0,0.0,0.0,0.0,0.0,0.0,0.0,0.0,0.0,0.0,0.0,0.0,0.0,0.0,0.0,0.0,0.0,0.0
cash from discontinued investing activities,0.0,0.0,0.0,0.0,0.0,0.0,0.0,0.0,0.0,0.0,0.0,0.0,0.0,0.0,0.0,0.0,0.0,0.0,0.0,0.0,0.0,0.0
cash per share,0.61,2.64,0.80,1.48,1.60,2.29,1.34,1.46,2.09,3.91,3.13,2.80,3.50,3.74,2.49,2.19,2.53,1.23,1.06,1.28,1.16,1.62
common par,1.7,0.1,0.1,0.1,0.1,0.1,0.2,0.2,0.2,0.3,0.3,0.3,0.3,0.3,0.3,0.3,0.3,0.3,0.4,0.4,0.4,0.4
common stock equity,-12.6,69.5,75.5,80.5,85.8,100.1,105.2,173.7,181.6,214.9,223.5,223.2,226.5,251.3,259.7,263.6,256.7,278.8,330.5,336.9,361.7,390.2
construction in progress,0.0,0.0,0.0,0.0,0.0,0.0,0.0,0.0,0.0,0.0,0.0,0.0,0.0,0.0,0.0,0.0,0.0,0.0,0.0,0.0,0.0,0.0
cost in excess,97.8,107.6,107.6,110.7,115.7,116.5,116.9,117.0,117.0,122.9,122.9,129.6,132.9,139.2,139.4,147.2,146.7,193.0,194.5,194.6,195.7,205.7
cost of sales,51.8,0.0,56.3,61.8,62.7,55.0,54.4,55.9,58.7,59.7,54.1,54.3,51.5,63.8,50.4,54.0,55.4,73.6,65.8,71.4,67.3,89.9
cost of sales with depreciation,51.9,0.0,57.2,60.9,62.7,55.0,54.4,55.9,58.7,59.7,54.1,54.3,51.5,63.8,50.4,54.0,55.4,73.6,65.8,71.4,67.3,89.9
cumulative translation adjustments,0.0,0.0,0.0,0.0,0.0,0.0,0.0,0.0,0.0,0.0,0.0,0.0,0.0,0.0,0.0,0.0,0.0,0.0,0.0,0.0,0.0,0.0
current assets per share,2.01,5.12,3.48,3.99,4.29,4.66,3.87,3.89,4.56,7.13,6.10,6.05,6.60,6.83,5.73,5.77,6.17,5.64,4.62,4.98,4.74,5.07
current defered income taxes,0.0,9.6,6.8,3.4,4.5,4.3,2.1,1.9,3.2,4.6,0.1,0.6,1.7,2.6,0.0,0.5,2.5,2.5,1.3,1.5,2.3,1.8
current deferred income taxes,0.0,0.0,0.0,0.0,0.0,0.0,0.0,0.0,0.0,0.0,0.0,0.0,0.0,0.0,0.3,0.0,0.0,0.0,0.0,0.0,0.0,0.0
current liabilities per share,1.29,2.93,1.33,1.56,1.71,1.80,1.07,1.06,1.46,2.14,1.01,1.21,1.50,2.09,0.87,1.07,1.37,2.50,1.25,1.69,1.77,2.31
current ratio,1.6,1.7,2.6,2.6,2.5,2.6,3.6,3.7,3.1,3.3,6.0,5.0,4.4,3.3,6.6,5.4,4.5,2.3,3.7,3.0,2.7,2.2
decrease (increase) in other current liabilities,18.9,21.0,-46.8,-35.8,-33.0,-25.1,-22.7,-21.3,-8.8,10.2,-22.0,-18.8,-14.6,4.8,-27.2,-21.2,-16.2,6.1,-24.8,-11.4,-7.2,18.4
decrease (increase) in other working capital,-25.5,9.8,0.4,0.6,-0.9,-4.6,0.0,1.2,-1.4,-8.2,-0.6,-0.0,0.4,-5.3,0.1,0.1,-1.2,-6.6,-4.9,-5.0,-4.2,-6.9
decrease (increase) in payables,3.3,-2.2,-2.9,-5.7,-2.1,-4.1,-0.7,-2.0,4.7,4.5,-5.5,-6.9,-3.5,-1.9,-9.2,-7.3,-4.7,6.5,-4.1,0.8,6.0,4.7
deferred income taxes,0.4,-4.0,1.7,5.7,8.6,8.7,2.6,5.8,4.6,-0.9,4.7,5.4,4.7,3.1,6.0,6.2,5.9,4.8,4.4,4.9,2.2,6.4
deferred revenues,4.6,7.9,5.5,7.5,5.2,3.3,3.2,4.5,4.5,3.6,4.3,3.7,3.7,2.4,3.3,3.9,4.4,4.2,4.3,5.8,5.2,6.4
depreciation,3.5,1.2,2.2,4.5,6.9,9.8,2.6,5.1,7.7,10.2,2.5,4.8,7.4,9.9,2.5,5.1,7.9,11.2,3.9,8.2,13.0,18.1
depreciation (unrecognized),2.3,0.0,2.2,2.3,2.4,2.9,2.6,2.6,2.6,2.5,2.5,2.4,2.6,2.5,2.5,2.6,2.9,3.2,3.9,4.3,4.8,5.1
domestic sales,0.0,0.0,0.0,0.0,0.0,0.0,0.0,0.0,0.0,0.0,0.0,0.0,0.0,0.0,0.0,0.0,0.0,0.0,0.0,0.0,0.0,0.0
earnings from equity interest,0.0,0.0,0.0,0.0,0.0,0.0,0.0,0.0,0.0,0.0,0.0,0.0,0.0,0.0,0.0,0.0,0.0,0.0,0.0,0.0,0.0,0.0
earnings period indicator,N,F,Q,S,N,F,Q,S,N,F,Q,S,N,F,Q,S,N,F,Q,S,N,F
effect exchange rate changes,0.9,0.3,1.2,0.8,-0.9,-0.3,-1.1,0.5,1.4,0.9,-1.5,-2.4,-0.2,-0.1,1.1,1.8,0.3,-0.3,0.2,-0.5,0.1,0.1
effective tax rate,0.0,0.0,0.0,0.0,0.0,30.4,30.2,31.2,29.9,30.0,31.8,32.3,31.0,31.5,31.4,30.7,32.3,31.8,33.1,34.9,36.8,43.2
excise taxes,0.0,0.0,0.0,0.0,0.0,0.0,0.0,0.0,0.0,0.0,0.0,0.0,0.0,0.0,0.0,0.0,0.0,0.0,0.0,0.0,0.0,0.0
extraordinary gains,0.0,0.0,0.0,0.0,0.0,0.0,0.0,0.0,0.0,0.0,0.0,0.0,0.0,0.0,0.0,0.0,0.0,0.0,0.0,0.0,0.0,0.0
extraordinary income/losses,0.0,0.0,0.0,0.0,0.0,0.0,0.0,0.0,0.0,0.0,0.0,0.0,0.0,0.0,0.0,0.0,0.0,0.0,0.0,0.0,0.0,0.0
foreign sales,0.0,0.0,0.0,0.0,0.0,0.0,0.0,0.0,0.0,0.0,0.0,0.0,0.0,0.0,0.0,0.0,0.0,0.0,0.0,0.0,0.0,0.0
free cash flow,-13.3,30.6,-47.9,-22.5,-15.5,1.5,-24.4,-15.1,7.0,52.4,-11.2,-11.5,3.4,27.9,-26.0,-29.0,-8.7,-32.5,-9.5,6.9,14.6,35.0
free cash flow per share,-0.18,0.90,-1.36,-0.64,-0.44,0.04,-0.66,-0.38,0.17,1.91,-0.39,-0.41,0.12,0.92,-0.83,-0.91,-0.28,-1.02,-0.25,0.18,0.36,0.82
gross fixed assets,21.3,30.1,31.7,33.0,35.4,42.5,28.9,29.0,28.3,48.0,50.8,51.5,53.3,55.6,57.3,60.6,63.2,66.1,68.1,74.5,86.3,89.5
gross margin,35.8,0.0,36.8,38.9,36.4,41.8,34.8,34.2,34.5,49.8,35.1,34.4,35.3,41.7,36.6,37.0,39.0,50.9,43.2,43.0,41.1,65.5
gross profit margin,0.0,17.5,0.0,0.0,0.0,39.9,39.4,39.2,39.4,40.1,40.2,40.4,41.3,40.5,40.2,40.7,40.8,41.2,40.6,39.8,39.0,39.2
income before income taxes,10.8,0.0,9.0,9.8,3.7,12.5,8.7,7.6,10.6,14.0,11.2,7.1,9.2,15.3,9.6,8.2,9.1,16.7,9.2,12.6,10.2,14.3
income from cum. effect of acct. change,0.0,0.0,0.0,0.0,0.0,0.0,0.0,0.0,0.0,0.0,0.0,0.0,0.0,0.0,0.0,0.0,0.0,0.0,0.0,0.0,0.0,0.0
income from tax loss carryforward,0.0,0.0,0.0,0.0,0.0,0.0,0.0,0.0,0.0,0.0,0.0,0.0,0.0,0.0,0.0,0.0,0.0,0.0,0.0,0.0,0.0,0.0
income per employee,None,-5936,None,None,None,4227,None,None,None,None,None,None,None,None,None,None,None,None,None,None,None,18290
income taxes,0.1,0.0,2.3,2.7,1.3,4.3,2.1,2.4,3.0,4.7,3.7,2.5,2.0,5.3,3.1,2.6,2.7,5.6,3.5,4.9,4.0,7.6
"income, acquired in process r&a;",0.0,0.0,0.0,0.0,0.0,0.0,0.0,0.0,0.0,0.0,0.0,0.0,0.0,0.0,0.0,0.0,0.0,0.0,0.0,0.0,0.0,0.0
intangibles,23.9,27.5,27.3,28.5,33.4,32.2,30.7,29.8,28.8,27.9,26.4,30.8,29.9,30.4,29.5,30.8,29.1,41.0,38.5,36.0,34.0,38.2
intangibles as % of book-value,-967.3,194.3,178.8,173.0,173.7,148.5,140.4,84.5,80.3,70.2,66.8,71.9,71.9,67.5,65.0,67.5,68.5,83.9,70.5,68.5,63.5,62.5
interest as % of invested capital,0.0,1.3,0.0,0.0,0.0,2.4,2.1,1.6,1.1,0.5,0.3,0.1,0.1,0.1,0.1,0.1,0.1,0.1,0.1,0.1,0.2,0.2
interest coverage (cont. operations),0.0,0.0,0.0,0.0,0.0,5.6,5.5,5.6,8.2,11.8,25.3,45.7,46.1,44.3,47.6,45.4,54.2,51.3,39.5,34.5,31.5,62.9
interest expense,1.9,0.0,1.0,0.7,0.8,0.9,0.7,0.3,0.1,0.1,0.1,0.1,0.1,0.1,0.1,0.1,0.0,0.1,0.2,0.2,0.1,0.3
interest income,0.5,0.0,0.5,0.1,0.1,0.0,0.0,0.0,0.0,0.0,0.0,0.1,0.0,0.0,0.0,0.0,0.0,0.0,0.0,0.0,0.0,0.0
inventories,0.0,0.0,0.0,0.0,0.0,0.0,0.0,0.0,0.0,0.0,0.0,0.0,0.0,0.0,0.0,0.0,0.0,0.0,0.0,0.0,0.0,0.0
"inventories, finished goods",0.0,0.0,0.0,0.0,0.0,0.0,0.0,0.0,0.0,0.0,0.0,0.0,0.0,0.0,0.0,0.0,0.0,0.0,0.0,0.0,0.0,0.0
"inventories, other",0.0,0.0,0.0,0.0,0.0,0.0,0.0,0.0,0.0,0.0,0.0,0.0,0.0,0.0,0.0,0.0,0.0,0.0,0.0,0.0,0.0,0.0
"inventories, purchased components",0.0,0.0,0.0,0.0,0.0,0.0,0.0,0.0,0.0,0.0,0.0,0.0,0.0,0.0,0.0,0.0,0.0,0.0,0.0,0.0,0.0,0.0
"inventories, raw materials",0.0,0.0,0.0,0.0,0.0,0.0,0.0,0.0,0.0,0.0,0.0,0.0,0.0,0.0,0.0,0.0,0.0,0.0,0.0,0.0,0.0,0.0
"inventories, work in progress",0.0,0.0,0.0,0.0,0.0,0.0,0.0,0.0,0.0,0.0,0.0,0.0,0.0,0.0,0.0,0.0,0.0,0.0,0.0,0.0,0.0,0.0
inventory as % of revenue,0.0,0.0,0.0,0.0,0.0,0.0,0.0,0.0,0.0,0.0,0.0,0.0,0.0,0.0,0.0,0.0,0.0,0.0,0.0,0.0,0.0,0.0
inventory turnover,0.0,0.0,0.0,0.0,0.0,0.0,0.0,0.0,0.0,0.0,0.0,0.0,0.0,0.0,0.0,0.0,0.0,0.0,0.0,0.0,0.0,0.0
invested capital,64.5,111.9,118.3,122.6,127.2,142.3,147.0,173.7,181.6,214.9,223.5,223.2,329.0,251.3,259.7,263.6,362.7,278.8,490.7,359.4,379.2,412.7
issuance of capital stock,0.0,186.7,0.0,0.0,0.0,0.1,0.1,112.2,112.3,150.0,0.0,0.1,0.1,0.1,0.3,0.3,0.3,0.3,49.5,49.3,49.3,49.3
issuance of debt,0.0,0.0,0.0,0.0,0.0,0.0,0.0,0.0,0.0,0.0,0.0,0.0,0.0,0.0,0.0,0.0,0.0,0.0,30.0,30.0,30.0,35.0
land and improvements,0.0,0.0,0.0,0.0,0.0,0.0,0.0,0.0,0.0,0.0,0.0,0.0,0.0,0.0,0.0,0.0,0.0,0.0,0.0,0.0,0.0,0.0
leverage ratio,-23.8,5.8,4.8,4.8,4.7,4.2,3.8,2.5,2.6,2.4,2.2,2.2,2.3,2.2,2.0,2.0,2.1,2.2,1.9,1.9,1.8,1.8
loans receivable,0.0,0.0,0.0,0.0,0.0,0.0,0.0,0.0,0.0,0.0,0.0,0.0,0.0,0.0,0.0,0.0,0.0,0.0,0.0,0.0,0.0,0.0
long-term debt,77.1,42.4,42.9,42.2,41.4,42.2,41.9,0.0,0.0,0.0,0.0,0.0,102.5,0.0,0.0,0.0,106.0,0.0,160.2,22.5,17.5,22.5
long-term debt per share,1.03,1.24,1.22,1.19,1.16,1.18,1.14,0.00,0.00,0.00,0.00,0.00,3.63,0.00,0.00,0.00,3.46,0.00,4.15,0.58,0.43,0.53
marketable securities,0.0,0.0,0.0,0.0,0.0,0.0,0.0,0.0,0.0,0.0,0.0,0.0,0.0,0.0,0.0,0.0,0.0,0.0,0.0,0.0,0.0,0.0
minority interest,0.0,0.0,5.3,5.8,2.2,5.9,4.8,3.5,4.1,4.7,3.3,2.1,3.1,4.1,2.4,2.2,2.4,4.1,1.8,1.1,0.5,0.6
minority interest liability,0.0,177.2,179.3,189.7,133.2,137.6,136.1,119.2,123.0,98.9,98.2,99.8,103.9,91.3,90.0,89.4,90.7,84.9,32.0,33.0,17.4,0.0
net cash from continuing operations,23.5,45.9,-43.1,-10.9,9.0,40.4,-13.5,2.4,29.7,67.0,-6.5,9.2,30.5,59.8,-22.3,-11.7,15.4,47.4,-4.7,23.7,46.6,90.0
net cash from discontinued operations,0.0,0.0,0.0,0.0,0.0,0.0,0.0,0.0,0.0,0.0,0.0,0.0,0.0,0.0,0.0,0.0,0.0,0.0,0.0,0.0,0.0,0.0
net fixed assets,21.3,22.0,23.5,24.9,27.2,28.4,28.9,29.0,28.3,27.4,28.9,28.4,28.5,29.3,29.4,31.1,32.3,33.6,34.1,40.1,49.4,49.9
net income (continuing operations),10.7,0.0,1.4,1.3,0.2,2.4,0.0,0.0,0.0,0.0,0.0,0.0,0.0,0.0,0.0,0.0,0.0,0.0,0.0,0.0,0.0,26.3
net income (discontinued operations),0.0,0.0,0.0,0.0,0.0,0.0,0.0,0.0,0.0,0.0,0.0,0.0,0.0,0.0,0.0,0.0,0.0,0.0,0.0,0.0,0.0,0.0
net income available for common,10.7,0.0,1.4,1.3,0.2,2.4,0.0,0.0,0.0,0.0,0.0,0.0,0.0,0.0,0.0,0.0,0.0,0.0,0.0,0.0,0.0,26.3
net income/loss,6.0,-6.4,1.4,2.7,2.8,5.2,6.6,11.8,19.4,28.7,7.6,12.2,19.4,29.3,6.5,12.1,18.6,29.7,5.7,13.4,19.6,26.3
net profit margin,0.0,-7.0,0.0,4.8,1.0,1.3,1.0,0.7,0.6,0.0,0.0,0.0,0.0,0.0,0.0,0.0,0.0,0.0,0.0,0.0,0.0,5.4
non-current deferred income taxes,0.0,65.2,66.3,65.8,61.7,61.6,61.2,91.8,91.6,112.3,112.2,111.2,108.8,116.8,114.0,114.5,113.1,115.8,141.3,140.8,150.0,161.3
normalized income,10.7,0.0,1.4,1.3,0.2,2.4,0.0,0.0,0.0,0.0,0.7,0.3,0.1,0.3,0.2,1.2,3.4,-0.7,1.2,1.1,0.4,31.2
normalized income per employee,None,-5936,None,None,None,4227,None,None,None,None,None,None,None,1326,None,None,None,3220,None,None,None,24313
normalized net profit margin,0.0,-7.0,0.0,0.0,0.0,1.3,1.0,0.7,0.6,0.0,0.2,0.3,0.3,0.4,0.2,0.5,1.4,1.0,1.2,1.1,0.4,7.2
notes payable,0.0,0.0,0.0,0.0,0.0,0.0,0.0,0.0,0.0,0.0,0.0,0.0,0.0,0.0,0.0,0.0,0.0,0.0,0.0,0.0,0.0,0.0
number of days cost of goods in inventory,None,None,None,None,None,None,None,None,None,None,None,None,None,None,None,None,None,None,None,None,None,None
number of employees,None,None,None,None,None,None,None,None,None,None,None,None,None,None,None,None,None,None,None,None,None,None
number of months last report period,None,3,3,3,3,3,3,3,3,3,3,3,3,3,3,3,3,3,3,3,3,3
number of part-time employees,None,None,None,None,None,None,None,None,None,None,None,None,None,None,None,None,None,None,None,None,None,None
operating gains,0.1,-8.1,5.3,11.8,13.2,21.4,0.0,1.7,1.7,1.7,0.0,0.0,0.0,0.0,0.0,0.0,0.0,0.0,0.0,0.0,0.0,0.0
operating income,12.6,0.0,10.0,9.8,4.4,13.9,9.4,9.8,10.7,14.1,11.3,7.4,9.2,15.4,9.6,8.3,9.1,18.3,9.7,13.3,10.3,14.0
other current assets,24.0,1.8,0.0,0.0,0.0,0.0,30.5,26.9,26.9,0.0,25.2,27.7,0.0,0.0,0.0,41.4,38.5,0.0,0.0,0.0,0.0,0.0
other current liabilities,6.4,3.6,3.3,3.5,1.4,4.3,13.4,15.1,17.2,0.3,0.6,0.2,1.7,1.7,0.8,0.5,0.5,0.0,0.6,0.6,0.6,0.0
other equity adjustments,0.6,0.3,1.6,1.1,-0.5,0.3,-0.3,0.5,1.0,0.7,-0.3,-1.4,0.6,1.4,1.7,3.0,1.1,0.3,1.9,0.3,2.4,2.6
"other financing charges, net",0.0,-141.1,-7.8,-7.8,-7.9,-0.6,-0.1,-71.3,-67.9,-127.1,-0.0,-3.2,0.0,-9.8,-1.4,0.0,0.0,-0.3,-60.7,-60.1,-63.6,-64.7
other fixed assets,21.3,0.0,31.7,33.0,35.4,0.0,28.9,29.0,28.3,0.0,50.8,51.5,53.3,0.0,57.3,60.6,63.2,0.0,68.1,74.5,86.3,0.0
other gains/losses,0.0,0.0,0.0,0.0,0.0,0.0,0.0,0.0,0.0,0.0,0.0,0.0,0.0,0.0,0.0,0.0,0.0,0.0,0.0,0.0,0.0,0.0
other income net,-0.4,0.0,1.7,0.7,0.0,-0.5,2.0,0.8,3.3,-8.1,2.8,1.7,0.0,0.0,0.0,0.0,-0.0,-1.5,-0.4,3.9,3.2,-9.8
"other investing changes, net",0.0,0.0,0.0,0.0,0.0,0.0,0.0,0.0,0.0,0.0,0.0,0.0,0.0,0.0,0.0,0.0,0.0,-6.4,0.0,0.0,0.0,0.0
other non-cash items,31.6,26.4,7.8,15.6,27.8,32.9,6.4,13.9,20.3,26.4,6.7,13.0,17.1,24.1,7.4,13.4,21.5,28.5,7.7,15.7,24.2,30.6
other non-current assets,6.1,7.6,12.5,12.6,11.8,11.5,14.5,17.2,19.1,21.0,23.5,23.2,24.7,25.8,29.7,29.6,27.0,37.5,38.6,40.0,43.0,45.7
other non-current liabilities,138.7,15.3,15.3,15.9,81.3,72.0,71.9,105.9,104.8,116.5,116.8,117.1,15.4,120.6,121.0,124.4,19.7,156.9,27.1,160.1,167.6,177.0
other receivable,0.0,0.0,0.0,0.0,0.0,0.0,0.0,0.0,0.0,22.5,0.0,0.0,27.5,23.1,28.8,0.0,0.0,51.4,53.7,54.8,59.9,54.2
other special charges,0.0,0.0,0.0,0.0,0.0,0.0,0.0,0.0,0.0,0.0,-0.7,0.0,0.0,0.0,0.0,0.0,0.0,0.0,0.0,0.0,0.0,0.0
payment of cash dividends,-28.4,0.0,0.0,0.0,0.0,-10.5,-8.8,-13.6,-17.9,-3.8,-2.7,-5.3,-10.3,-6.6,-2.5,-7.4,-11.8,-18.4,-4.0,-8.3,-12.3,-17.8
payout ratio,None,None,None,19,31,33,None,None,9,19,26,36,37,38,45,46,50,51,53,50,51,58
post-tax profit margin,0.0,-7.0,0.0,4.8,1.0,1.3,1.0,0.7,0.6,0.0,0.0,0.0,0.0,0.0,0.0,0.0,0.0,0.0,0.0,0.0,0.0,5.4
pre-tax profit margin,0.0,-14.8,0.0,0.0,0.0,8.9,9.0,8.7,10.7,10.7,11.4,11.3,11.1,11.4,11.2,11.4,11.2,11.0,10.3,10.8,10.7,9.6
pref. securities of subsid. trust,0.0,0.0,0.0,0.0,0.0,0.0,0.0,0.0,0.0,0.0,0.0,0.0,0.0,0.0,0.0,0.0,0.0,0.0,0.0,0.0,0.0,0.0
preferred dividends,0.0,0.0,0.0,0.0,0.0,0.0,0.0,0.0,0.0,0.0,0.0,0.0,0.0,0.0,0.0,0.0,0.0,0.0,0.0,0.0,0.0,0.0
preferred equity outside stock equity,0.0,0.0,0.0,0.0,0.0,0.0,0.0,0.0,0.0,0.0,0.0,0.0,0.0,0.0,0.0,0.0,0.0,0.0,0.0,0.0,0.0,0.0
preferred secur. of subsid. trust,0.0,0.0,0.0,0.0,0.0,0.0,0.0,0.0,0.0,0.0,0.0,0.0,0.0,0.0,0.0,0.0,0.0,0.0,0.0,0.0,0.0,0.0
preferred shares,0.0,0.0,0.0,0.0,0.0,0.0,0.0,0.0,0.0,0.0,0.0,0.0,0.0,0.0,0.0,0.0,0.0,0.0,0.0,0.0,0.0,0.0
preferred stock equity,0.0,0.0,0.0,0.0,0.0,0.0,0.0,0.0,0.0,0.0,0.0,0.0,0.0,0.0,0.0,0.0,0.0,0.0,0.0,0.0,0.0,0.0
prepaid expenses,3.5,4.5,6.7,5.8,6.3,6.6,6.4,5.3,6.0,6.1,7.7,9.0,6.4,7.5,12.2,11.6,6.7,8.3,12.3,11.5,9.3,11.0
price/cash flow ratio,0.0,-196.8,0.0,0.0,0.0,45.5,43.8,55.6,59.9,49.4,47.8,36.1,38.5,51.1,51.5,40.1,31.4,41.4,47.1,39.2,34.0,14.9
price/equity ratio,0.00,9.65,8.41,7.26,8.73,6.80,5.51,4.12,4.24,2.33,2.15,1.60,1.68,2.03,1.94,1.55,1.27,1.65,1.82,1.66,1.52,1.70
price/free cash flow ratio,-101.9,21.9,-13.2,-25.9,-47.8,478.0,-23.9,-46.8,112.7,9.6,-42.9,-30.8,112.3,18.3,-19.3,-14.1,-38.1,-14.2,-62.2,80.6,37.8,19.0
price/revenue ratio,0.00,7.40,0.00,2.08,2.56,1.74,1.50,1.90,2.09,1.31,1.26,0.94,1.02,1.36,1.37,1.10,0.86,1.16,1.43,1.27,1.21,1.37
price/tangible book ratio,-10.19,-10.25,-10.64,-9.98,-11.88,-14.06,-13.58,26.54,21.53,7.80,6.49,5.71,5.99,6.24,5.55,4.75,4.04,10.28,6.17,5.27,4.16,4.53
purchase of  short-term investments,0.0,-1.8,0.0,0.0,0.0,-10.5,0.0,0.0,0.0,0.0,0.0,0.0,0.0,0.0,0.0,0.0,0.0,0.0,0.0,0.0,0.0,0.0
purchase of long-term investments,0.0,0.0,-9.1,-9.6,-10.0,0.0,-5.7,-5.7,-6.4,-6.7,-3.0,-3.0,-3.2,-3.2,-3.0,-3.3,-3.5,-6.2,-2.6,-2.6,-3.2,-3.2
quarterly indicator,3,4,1,2,3,4,1,2,3,4,1,2,3,4,1,2,3,4,1,2,3,4
quick ratio,1.3,1.6,2.3,2.4,2.3,2.4,2.6,2.8,2.5,3.1,4.9,3.8,4.2,3.1,6.2,3.8,3.4,2.1,3.4,2.8,2.5,2.1
receivables,77.5,68.6,81.0,79.5,85.0,73.8,53.9,59.7,62.3,77.5,52.3,51.8,79.6,83.5,89.9,60.2,63.8,129.2,123.6,130.2,133.4,133.5
receivables as % of revenue,0.0,75.7,0.0,28.2,29.0,18.8,14.0,15.9,16.9,20.3,13.7,13.6,21.3,22.3,24.4,16.3,16.9,32.6,29.5,29.4,29.2,27.5
receivables per day sales,0.00,272.45,0.00,101.67,104.46,67.78,50.27,57.26,60.76,73.07,49.29,49.01,76.55,80.11,87.95,58.57,60.75,117.22,106.23,105.98,105.21,99.17
receivables turnover,0.0,0.0,0.0,0.0,3.6,5.5,5.7,5.4,5.0,5.0,7.2,6.8,5.3,4.7,5.2,6.6,5.3,3.7,3.9,4.6,4.6,3.7
repayment of long-term debt,-0.8,-35.1,-0.2,-0.4,-0.6,-0.8,-0.2,-42.8,-42.8,-42.8,0.0,0.0,0.0,0.0,0.0,0.0,0.0,0.0,0.0,-7.5,-12.5,-12.5
repurchase of capital stock,-0.3,0.0,0.0,0.0,0.0,0.0,-0.6,-0.7,-0.8,-0.9,-1.6,-8.2,-8.6,-8.9,-5.8,-13.6,-24.1,-28.9,-5.0,-5.2,-6.9,-9.3
restricted cash,0.0,0.0,0.0,0.0,0.0,0.0,0.0,4.0,0.7,0.0,0.0,3.2,0.0,0.0,0.0,0.0,0.0,0.0,0.0,0.0,0.0,0.0
retained earnings,-24.2,-6.4,-4.9,-3.7,-3.5,-1.1,0.6,1.2,3.4,6.7,9.6,10.4,12.8,16.9,18.6,19.5,21.1,25.6,26.4,29.5,31.8,34.3
revenue per $  plant (net),0.00,4.13,0.00,11.32,10.77,13.83,13.37,12.93,13.07,13.93,13.22,13.41,13.14,12.82,12.52,11.92,11.71,11.80,12.30,11.04,9.25,9.71
revenue per $ cash,0.00,1.01,0.00,5.36,5.13,4.82,7.81,6.40,4.39,3.56,4.24,4.80,3.79,3.31,4.69,5.33,4.87,10.18,10.20,8.98,9.74,7.05
revenue per $ common equity,0.00,1.31,0.00,3.50,3.41,3.92,3.67,2.16,2.03,1.78,1.71,1.71,1.65,1.49,1.42,1.40,1.47,1.42,1.27,1.31,1.26,1.24
revenue per $ invested capital,0.00,0.81,0.00,2.29,2.30,2.75,2.62,2.16,2.03,1.78,1.71,1.71,1.14,1.49,1.42,1.40,1.04,1.42,0.85,1.23,1.20,1.17
revenue per share,0.00,2.66,0.00,7.96,8.22,11.01,10.49,9.34,9.18,13.93,13.28,13.43,13.25,12.39,11.68,11.66,12.33,12.50,10.85,11.45,11.29,11.43
revenue/assets,0.0,0.2,0.0,0.7,0.7,0.9,1.0,0.9,0.8,0.8,0.8,0.8,0.7,0.7,0.7,0.7,0.7,0.7,0.7,0.7,0.7,0.7
sale of long-term investments,0.0,0.0,1.7,1.7,1.7,0.0,0.0,0.0,0.0,0.0,0.0,0.0,0.0,0.0,0.0,0.0,0.0,0.0,0.0,0.0,0.0,0.0
sale of short-term investments,0.0,0.0,0.0,0.0,0.0,1.7,0.0,0.0,0.0,0.0,0.0,0.0,0.0,0.0,0.0,0.0,0.0,0.0,0.0,0.0,0.0,0.0
sales per $ inventory,0.00,0.00,0.00,0.00,0.00,0.00,0.00,0.00,0.00,0.00,0.00,0.00,0.00,0.00,0.00,0.00,0.00,0.00,0.00,0.00,0.00,0.00
sales per $ receivables,0.00,1.32,0.00,3.54,3.45,5.31,7.16,6.29,5.93,4.93,7.30,7.35,4.70,4.49,4.09,6.15,5.93,3.07,3.39,3.40,3.42,3.63
sales per employee,None,84773,None,None,None,317170,None,None,None,337742,None,None,None,360954,None,None,None,312499,None,None,None,337066
shares out (common class only),74.8,34.2,35.3,35.4,35.6,35.6,36.8,40.2,40.2,27.4,28.8,28.3,28.2,30.3,31.5,31.8,30.7,31.8,38.6,38.6,40.4,42.4
short-term debt,0.8,0.8,0.8,0.8,0.8,0.8,0.8,0.0,0.0,0.0,0.0,0.0,0.0,0.0,0.0,0.0,0.0,0.0,0.0,0.0,0.0,0.0
special income charges,0.0,0.0,0.0,0.0,0.0,0.0,0.0,0.0,0.0,0.0,-0.7,-0.3,-0.1,-0.3,-0.2,-1.2,-3.4,0.7,-1.2,-1.1,-0.4,-4.9
tangible book value per share,-1.80,-1.92,-1.69,-1.66,-1.77,-1.36,-1.16,0.67,0.89,2.34,2.58,2.21,2.25,2.70,2.88,2.70,2.64,1.41,2.52,2.75,3.27,3.45
total assets per share,4.01,11.84,10.21,10.85,11.30,11.69,10.73,10.98,11.64,18.49,17.01,17.46,18.09,18.11,16.59,16.89,17.52,18.89,16.19,16.67,16.42,16.88
total capitalization,64.5,111.9,118.3,122.6,127.2,142.3,147.0,173.7,181.6,214.9,223.5,223.2,329.0,251.3,259.7,263.6,362.7,278.8,490.7,359.4,379.2,412.7
total debt as % total assets,104.2,82.8,79.0,79.0,78.7,75.9,73.3,60.6,61.2,57.6,54.3,54.9,55.7,54.2,50.3,50.8,52.2,53.5,47.1,47.7,45.5,45.5
total debt/equity ratio,0.00,0.62,0.58,0.53,0.49,0.43,0.41,0.00,0.00,0.00,0.00,0.00,0.45,0.00,0.00,0.00,0.41,0.00,0.48,0.07,0.05,0.06
total non-current assets,149.1,229.8,237.3,242.4,249.8,250.1,252.2,284.9,284.8,311.5,313.8,323.2,324.8,341.4,342.1,353.0,348.1,420.9,447.0,451.5,472.1,500.9
total ordinary shares,0.0,0.0,0.0,0.0,0.0,0.0,0.0,0.0,0.0,0.0,0.0,0.0,0.0,0.0,0.0,0.0,0.0,0.0,0.0,0.0,0.0,0.0
total revenue,87.6,0.0,95.5,100.6,99.1,96.8,91.3,92.7,96.6,101.4,92.0,90.7,86.8,105.5,86.9,91.0,94.4,124.6,108.9,118.9,111.7,145.1
treasury shares,0.0,0.0,0.0,0.0,0.0,0.0,0.0,0.0,0.0,0.0,0.0,0.0,0.0,0.0,0.0,0.0,0.0,0.0,0.0,0.0,0.0,0.0
treasury stock,0.0,0.0,0.0,0.0,0.0,0.0,0.0,0.0,0.0,0.0,0.0,0.0,0.0,0.0,0.0,0.0,0.0,0.0,0.0,0.0,0.0,0.0
working capital,54.2,74.5,75.6,85.9,92.0,101.9,102.8,114.0,124.6,136.8,146.1,137.1,143.9,143.5,153.2,149.3,146.9,99.7,130.0,127.4,120.1,117.1
working capital as % of price,3.9,11.1,12.0,14.7,12.3,15.0,17.8,16.0,16.2,27.3,30.3,38.3,37.8,28.1,30.4,36.6,44.9,21.7,21.7,22.8,21.8,17.7
working capital per share,0.72,2.18,2.15,2.43,2.58,2.86,2.80,2.84,3.10,4.99,5.08,4.84,5.09,4.74,4.86,4.70,4.79,3.14,3.37,3.30,2.97,2.76
working captial as % of equity,-430.3,107.2,100.2,106.7,107.1,101.8,97.8,65.6,68.6,63.7,65.4,61.4,63.5,57.1,59.0,56.6,57.2,35.8,39.3,37.8,33.2,30.0
